{"schemaVersion":"1.0","appDefinitionTemplate":{"id":"/providers/Microsoft.PowerApps/apps/","type":"Microsoft.PowerApps/apps","tags":{"primaryDeviceWidth":"640","primaryDeviceHeight":"1136","sienaVersion":"20200305T102138Z-3.20023.0.0","deviceCapabilities":"location","supportsPortrait":"true","supportsLandscape":"false","primaryFormFactor":"Phone","publisherVersion":"3.20023.0","minimumRequiredApiVersion":"2.2.0","hasComponent":"true","hasUnlockedComponent":"true"},"properties":{"appVersion":"2020-03-05T10:21:38Z","lifeCycleId":"Published","createdByClientVersion":{"major":3,"minor":20023,"build":0,"revision":0,"majorRevision":0,"minorRevision":0},"minClientVersion":{"major":3,"minor":20023,"build":0,"revision":0,"majorRevision":0,"minorRevision":0},"backgroundColor":"rgba(0, 134, 208, 1)","backgroundImageUri":"/4656548342425474874/N112f3227-4889-47e0-8550-392d20852eb0-logoSmallFile","displayName":"社内緊急対策","description":"","commitMessage":"","appUris":{"documentUri":{"value":"/4656548342425474874/Nda90e281-ff5e-4745-9bd1-df6d3911edcc-document.msapp","readonlyValue":"/4656548342425474874/Nda90e281-ff5e-4745-9bd1-df6d3911edcc-document.msapp"},"imageUris":[]},"createdTime":"0001-01-01T00:00:00Z","lastModifiedTime":"0001-01-01T00:00:00Z","sharedGroupsCount":0,"sharedUsersCount":0,"icons":{"smallIconUri":"/4656548342425474874/N7b889c45-cd6c-401b-93f7-bb47e9a23d91-small.png","mediumIconUri":"/4656548342425474874/N98644602-3785-426f-a356-3c7e358c7908-medium.png","largeIconUri":"/4656548342425474874/N22d20ca3-8453-4ce8-9927-4a126e4add14-large.png","wideIconUri":"/4656548342425474874/N17f97a8d-b4f7-4a0a-ad45-049cce99ccce-wide.png"},"connectionReferences":{"a85136af-8df5-414d-87dc-5e905e932008":{"id":"98aa8f56-5152-40f0-8be3-fe528ae386b5","displayName":"Office 365 ユーザー","iconUri":"https://connectoricons-prod.azureedge.net/office365users/icon_1.0.1309.1901.png","dataSources":["Office365Users"],"dependencies":[],"dependents":["6be31af7-759e-4dc8-bcc4-db775a89da99"],"parameterHints":{},"isOnPremiseConnection":false,"bypassConsent":false,"dataSets":{},"apiTier":"Standard","isCustomApiConnection":false},"e58a1b14-0b8c-4aa1-9ce1-09b242284367":{"id":"d5d8bcce-f25a-4686-bdc2-a35fe73303bd","displayName":"RSS","iconUri":"https://connectoricons-prod.azureedge.net/rss/icon_1.0.1307.1893.png","dataSources":["RSS"],"dependencies":[],"dependents":[],"parameterHints":{},"isOnPremiseConnection":false,"bypassConsent":false,"dataSets":{},"apiTier":"Standard","isCustomApiConnection":false},"f87d6de5-923a-406b-95d7-de302e8edf9a":{"id":"cb7dd731-96a9-43a3-b874-bf258799895b","displayName":"Office 365 Outlook","iconUri":"https://connectoricons-prod.azureedge.net/office365/icon_1.0.1312.1916.png","dataSources":["Office365Outlook"],"dependencies":[],"dependents":[],"parameterHints":{},"isOnPremiseConnection":false,"bypassConsent":false,"dataSets":{},"apiTier":"Standard","isCustomApiConnection":false},"6be31af7-759e-4dc8-bcc4-db775a89da99":{"id":"b936c91a-7f3e-48cd-881f-c61245ead6ee","displayName":"Logic flows","iconUri":"https://resourcestackdeploy.blob.core.windows.net/scripts/13276078.png","dataSources":["CrisisCommunication.RequestHelp"],"dependencies":["cd0ab854-b587-4669-8707-20f43e005426","a85136af-8df5-414d-87dc-5e905e932008"],"dependents":[],"parameterHints":{"workflowName":{"value":"97957ac1-1fb9-409e-9b66-aae5d00508d6"},"cd0ab854-b587-4669-8707-20f43e005426":{"value":"shared_teams"},"a85136af-8df5-414d-87dc-5e905e932008":{"value":"shared_office365users"}},"isOnPremiseConnection":false,"bypassConsent":false,"dataSets":{},"apiTier":"Standard","isCustomApiConnection":false},"cd0ab854-b587-4669-8707-20f43e005426":{"id":"617501c3-bc7c-4340-bb22-fa957a89f015","displayName":"Microsoft Teams","iconUri":"https://connectoricons-prod.azureedge.net/teams/icon_1.0.1302.1868.png","dataSources":[],"dependencies":[],"dependents":["6be31af7-759e-4dc8-bcc4-db775a89da99"],"parameterHints":{},"isOnPremiseConnection":false,"bypassConsent":false,"dataSets":{},"apiTier":"Standard","isCustomApiConnection":false},"83eea6c7-3519-46cb-ad18-bfa9902430a3":{"id":"3d998758-a76e-4c6e-a61a-3102ef7ea0be","displayName":"SharePoint","iconUri":"https://connectoricons-prod.azureedge.net/sharepointonline/icon_1.0.1312.1916.png","dataSources":["CI_CompanyNews","CI_configAdminSetup","CI_Contacts","CI_Employee Status","CI_FAQ","CI_HelpfulTips","CI_LogosAssets","CI_Usefulinks"],"dependencies":[],"dependents":[],"parameterHints":{},"isOnPremiseConnection":false,"bypassConsent":false,"dataSets":{"https://tayoshi.sharepoint.com/sites/CrisisCommunicationApp/":{"dataSources":{"CI_CompanyNews":{"tableName":"189a9c1b-febc-4e02-9e86-9db148306c57"},"CI_configAdminSetup":{"tableName":"10ff250a-e677-4dd8-bf44-67643e3bbae1"},"CI_Contacts":{"tableName":"770c67b7-96cf-438e-ba3a-114a6bd2581f"},"CI_Employee Status":{"tableName":"e0659c5d-a5aa-4e78-abd4-447d7444c801"},"CI_FAQ":{"tableName":"0776c4e2-30b8-4c3a-8108-570b8c2ff53c"},"CI_HelpfulTips":{"tableName":"6446ed3b-b405-4136-a2a1-77e7460670b6"},"CI_LogosAssets":{"tableName":"b7e33abd-4dcc-453d-9db3-675c48d16876"},"CI_Usefulinks":{"tableName":"11aa56c7-42cc-4a5c-8a6f-fa292ce1984d"}}}},"apiTier":"Standard","isCustomApiConnection":false}},"databaseReferences":{},"almMode":"Environment","performanceOptimizationEnabled":false,"canConsumeAppPass":true},"isAppComponentLibrary":false,"appComponents":[]}}