{"schemaVersion":"1.0","appDefinitionTemplate":{"id":"/providers/Microsoft.PowerApps/apps/","type":"Microsoft.PowerApps/apps","tags":{"minimumRequiredApiVersion":"2.2.0"},"properties":{"appVersion":"2019-12-04T10:13:55Z","lifeCycleId":"Published","createdByClientVersion":{"major":3,"minor":19112,"build":26,"revision":0,"majorRevision":0,"minorRevision":0},"minClientVersion":{"major":3,"minor":19112,"build":26,"revision":0,"majorRevision":0,"minorRevision":0},"backgroundColor":"rgba(81, 92, 107, 1)","backgroundImageUri":"/11692390709824607985/Nac7123e7-1ba8-4ae6-94ed-75e4ad10251c-logoSmallFile","displayName":"DLP エディター","description":"","commitMessage":"","appUris":{"documentUri":{"value":"/11692390709824607985/N989f514f-7cd8-4c05-a422-6c3b95eb17a2-document.msapp","readonlyValue":"/11692390709824607985/N989f514f-7cd8-4c05-a422-6c3b95eb17a2-document.msapp"},"imageUris":[]},"createdTime":"0001-01-01T00:00:00Z","lastModifiedTime":"0001-01-01T00:00:00Z","sharedGroupsCount":0,"sharedUsersCount":0,"icons":{"smallIconUri":"/11692390709824607985/Nc8798cad-0f19-44c4-9c7e-193d833d1c3d-small.png","mediumIconUri":"/11692390709824607985/N59c767be-0285-4a4b-bc54-d9d4049ab18f-medium.png","largeIconUri":"/11692390709824607985/N8d60f9a2-bc8a-431a-b523-0ea408ad6c2f-large.png","wideIconUri":"/11692390709824607985/N8833a470-2dfd-4390-9cee-4d4be17a0a98-wide.png"},"connectionReferences":{"c5143658-22ae-400a-9865-74754100b210":{"id":"e46f3070-808f-4d3b-a85f-31d916e39d23","displayName":"Flow management","iconUri":"https://psux.azureedge.net/Content/Images/Connectors/FlowManagement.png","dataSources":["Flow"],"dependencies":[],"dependents":[],"parameterHints":{},"isOnPremiseConnection":false,"dataSets":{},"apiTier":"Standard","isCustomApiConnection":false},"eaba5645-96d2-4e84-8023-568d70a849be":{"id":"5cfba7e7-8ef6-4011-a5bb-ba26b2dc9a63","displayName":"PowerApps for Admins","iconUri":"https://connectoricons-prod.azureedge.net/powerappsforadmins/icon_1.0.1257.1710.png","dataSources":["PowerAppsforAdmins"],"dependencies":[],"dependents":[],"parameterHints":{},"isOnPremiseConnection":false,"dataSets":{},"apiTier":"Standard","isCustomApiConnection":false},"a2301948-7a26-44e5-80b4-c02d933d9cf9":{"id":"dcb3ab75-69d8-4f33-a0de-2fa5156ff1ee","displayName":"Office 365 ユーザー","iconUri":"https://connectoricons-prod.azureedge.net/office365users/icon_1.0.1258.1715.png","dataSources":["Office365Users"],"dependencies":[],"dependents":[],"parameterHints":{},"isOnPremiseConnection":false,"dataSets":{},"apiTier":"Standard","isCustomApiConnection":false},"f872ef15-f525-4f0a-9b9a-0ef7fbef7e8d":{"id":"64aa7dd8-7725-4080-b2c1-01a169d21f7b","displayName":"PowerApps for App Makers","iconUri":"https://connectoricons-prod.azureedge.net/powerappsforappmakers/icon_1.0.1257.1710.png","dataSources":["PowerAppsforAppMakers"],"dependencies":[],"dependents":[],"parameterHints":{},"isOnPremiseConnection":false,"dataSets":{},"apiTier":"Standard","isCustomApiConnection":false},"8a4696b7-dd58-49c8-846b-6f5085b37ac7":{"id":"7aad3346-dfc9-44f7-9ece-f68af835bac4","displayName":"PowerPlatform for Admins","iconUri":"https://connectoricons-prod.azureedge.net/powerplatformforadmins/icon_1.0.1284.1763.png","dataSources":["PowerplatformforAdmins"],"dependencies":[],"dependents":[],"parameterHints":{},"isOnPremiseConnection":false,"dataSets":{},"apiTier":"Standard","isCustomApiConnection":false}},"databaseReferences":{"default.cds":{"databaseDetails":{"referenceType":"NotSpecified","environmentName":"default.cds"},"dataSources":{"COE設定":{"entitySetName":"admin_coesettingses","logicalName":"admin_coesettings"}}}},"almMode":"Solution","performanceOptimizationEnabled":false,"canConsumeAppPass":true},"isAppComponentLibrary":false,"appComponents":[]}}