{"schemaVersion":"1.0","appDefinitionTemplate":{"id":"/providers/Microsoft.PowerApps/apps/","type":"Microsoft.PowerApps/apps","tags":{"primaryDeviceWidth":"640","primaryDeviceHeight":"1136","sienaVersion":"20200305T090959Z-3.20023.0.0","deviceCapabilities":"","supportsPortrait":"true","supportsLandscape":"false","primaryFormFactor":"Phone","publisherVersion":"3.20023.0","minimumRequiredApiVersion":"2.2.0","hasComponent":"true","hasUnlockedComponent":"true"},"properties":{"appVersion":"2020-03-05T09:09:59Z","lifeCycleId":"Published","createdByClientVersion":{"major":3,"minor":20023,"build":0,"revision":0,"majorRevision":0,"minorRevision":0},"minClientVersion":{"major":3,"minor":20023,"build":0,"revision":0,"majorRevision":0,"minorRevision":0},"backgroundColor":"rgba(0, 134, 208, 1)","backgroundImageUri":"/3574879413144410761/Na8c4fbee-9268-4636-b0ac-cde5d4ab1969-logoSmallFile","displayName":"社内緊急対策（管理者用）","description":"Crisis Communication Admin App","commitMessage":"","appUris":{"documentUri":{"value":"/3574879413144410761/N6587400d-6e14-4148-ad25-6777d570024a-document.msapp","readonlyValue":"/3574879413144410761/N6587400d-6e14-4148-ad25-6777d570024a-document.msapp"},"imageUris":[]},"createdTime":"0001-01-01T00:00:00Z","lastModifiedTime":"0001-01-01T00:00:00Z","sharedGroupsCount":0,"sharedUsersCount":0,"icons":{"smallIconUri":"/3574879413144410761/Nfedc5899-41f0-4b09-94f2-f698887aa26a-small.png","mediumIconUri":"/3574879413144410761/N9fd72485-3718-47d9-8dbe-57398b8eca93-medium.png","largeIconUri":"/3574879413144410761/Nd3509c30-49df-44cf-88de-bb8ad6ef01e0-large.png","wideIconUri":"/3574879413144410761/N016fdfe6-12e9-4f56-8160-1accbfbc2b37-wide.png"},"connectionReferences":{"a85136af-8df5-414d-87dc-5e905e932008":{"id":"98aa8f56-5152-40f0-8be3-fe528ae386b5","displayName":"Office 365 ユーザー","iconUri":"https://connectoricons-prod.azureedge.net/office365users/icon_1.0.1309.1901.png","dataSources":["Office365Users"],"dependencies":[],"dependents":[],"parameterHints":{},"isOnPremiseConnection":false,"dataSets":{},"apiTier":"Standard","isCustomApiConnection":false},"e58a1b14-0b8c-4aa1-9ce1-09b242284367":{"id":"d5d8bcce-f25a-4686-bdc2-a35fe73303bd","displayName":"RSS","iconUri":"https://connectoricons-prod.azureedge.net/rss/icon_1.0.1307.1893.png","dataSources":["RSS"],"dependencies":[],"dependents":[],"parameterHints":{},"isOnPremiseConnection":false,"dataSets":{},"apiTier":"Standard","isCustomApiConnection":false},"f87d6de5-923a-406b-95d7-de302e8edf9a":{"id":"cb7dd731-96a9-43a3-b874-bf258799895b","displayName":"Office 365 Outlook","iconUri":"https://connectoricons-prod.azureedge.net/office365/icon_1.0.1312.1916.png","dataSources":["Office365Outlook"],"dependencies":[],"dependents":[],"parameterHints":{},"isOnPremiseConnection":false,"dataSets":{},"apiTier":"Standard","isCustomApiConnection":false},"afb6930f-a0c1-4459-bd2a-178ae8a55863":{"id":"3d998758-a76e-4c6e-a61a-3102ef7ea0be","displayName":"SharePoint","iconUri":"https://connectoricons-prod.azureedge.net/sharepointonline/icon_1.0.1312.1916.png","dataSources":["CI_CompanyNews","CI_configAdminSetup","CI_Contacts","CI_Employee Status","CI_FAQ","CI_HelpfulTips","CI_LogosAssets","CI_Usefulinks"],"dependencies":[],"dependents":[],"parameterHints":{},"isOnPremiseConnection":false,"dataSets":{"https://tayoshi.sharepoint.com/sites/CrisisCommunicationApp/":{"dataSources":{"CI_CompanyNews":{"tableName":"189a9c1b-febc-4e02-9e86-9db148306c57"},"CI_configAdminSetup":{"tableName":"10ff250a-e677-4dd8-bf44-67643e3bbae1"},"CI_Contacts":{"tableName":"770c67b7-96cf-438e-ba3a-114a6bd2581f"},"CI_Employee Status":{"tableName":"e0659c5d-a5aa-4e78-abd4-447d7444c801"},"CI_FAQ":{"tableName":"0776c4e2-30b8-4c3a-8108-570b8c2ff53c"},"CI_HelpfulTips":{"tableName":"6446ed3b-b405-4136-a2a1-77e7460670b6"},"CI_LogosAssets":{"tableName":"b7e33abd-4dcc-453d-9db3-675c48d16876"},"CI_Usefulinks":{"tableName":"11aa56c7-42cc-4a5c-8a6f-fa292ce1984d"}}}},"apiTier":"Standard","isCustomApiConnection":false}},"databaseReferences":{},"almMode":"Environment","performanceOptimizationEnabled":false,"canConsumeAppPass":true},"isAppComponentLibrary":false,"appComponents":[]}}