{"name":"990a4ea5-a56c-4cb6-8860-77136fe00b61","id":"/providers/Microsoft.Flow/flows/990a4ea5-a56c-4cb6-8860-77136fe00b61","type":"Microsoft.Flow/flows","properties":{"apiId":"/providers/Microsoft.PowerApps/apis/shared_logicflows","displayName":"CrisisCommunication.RequestHelp","definition":{"metadata":{"workflowEntityId":null,"creator":{"id":"ab98ea1b-0c64-4814-8dff-7d499b56b985","type":"User","tenantId":"5ca76f42-408e-4847-a8c6-71ee029a423e"},"provisioningMethod":"FromDefinition","failureAlertSubscription":true,"clientLastModifiedTime":"2020-03-05T10:13:46.296247Z"},"$schema":"https://schema.management.azure.com/providers/Microsoft.Logic/schemas/2016-06-01/workflowdefinition.json#","contentVersion":"1.0.0.0","parameters":{"$connections":{"defaultValue":{},"type":"Object"},"$authentication":{"defaultValue":{},"type":"SecureObject"}},"triggers":{"manual":{"type":"Request","kind":"PowerApp","inputs":{"schema":{"type":"object","properties":{"UserId_Value":{"type":"string","description":"Enter initial value","x-ms-powerflows-param-ispartial":false},"Comments_Value":{"type":"string","description":"Enter initial value","x-ms-powerflows-param-ispartial":false}},"required":["UserId_Value","Comments_Value"]}}}},"actions":{"ボットとしてチャネルへ投稿":{"runAfter":{"ユーザープロフィールを取得":["Succeeded"]},"metadata":{"flowSystemMetadata":{"swaggerOperationId":"PostChannelAdaptiveCard"}},"type":"ApiConnection","inputs":{"host":{"connection":{"name":"@json(decodeBase64(triggerOutputs().headers['X-MS-APIM-Tokens']))['$connections']['shared_teams']['connectionId']"},"api":{"runtimeUrl":"https://japan-001.azure-apim.net/apim/teams"}},"method":"post","body":{"recipient":{"channelId":"@variables('varChannelId')"},"messageBody":"{\n    \"$schema\": \"http://adaptivecards.io/schemas/adaptive-card.json\",\n    \"type\": \"AdaptiveCard\",\n    \"version\": \"1.0\",\n    \"body\": [\n        {\n            \"type\": \"TextBlock\",\n            \"text\": \"Request for help\",\n            \"weight\": \"Bolder\",\n            \"size\": \"Medium\"\n        },\n        {\n            \"type\": \"ColumnSet\",\n            \"columns\": [\n                {\n                    \"type\": \"Column\",\n                    \"width\": \"stretch\",\n                    \"items\": [\n                        {\n                            \"type\": \"TextBlock\",\n                            \"text\": \"@{body('ユーザープロフィールを取得')?['displayName']}\",\n                            \"weight\": \"Bolder\",\n                            \"wrap\": true\n                        },\n                        {\n                            \"type\": \"TextBlock\",\n                            \"spacing\": \"None\",\n                            \"text\": \"@{utcNow()}\",\n                            \"isSubtle\": true,\n                            \"wrap\": true\n                        }\n                    ]\n                }\n            ]\n        },\n        {\n            \"type\": \"TextBlock\",\n            \"text\": \"@{variables('varComments')}\",\n            \"wrap\": true\n        },\n        {\n            \"type\": \"ActionSet\",\n            \"actions\": [\n                {\n                    \"type\": \"Action.OpenUrl\",\n                    \"title\": \"Contact\",\n                    \"url\": \"mailto:@{body('ユーザープロフィールを取得')?['mail']}\"\n                }\n            ]\n        }\n    ]\n}"},"path":"/flowbot/actions/adaptivecard/recipienttypes/channel","queries":{"groupId":"@variables('varTeamId')"},"authentication":{"type":"Raw","value":"@json(decodeBase64(triggerOutputs().headers['X-MS-APIM-Tokens']))['$ConnectionKey']"}}},"Microsoft_Teams_チーム_Id":{"runAfter":{},"type":"InitializeVariable","inputs":{"variables":[{"name":"varTeamId","type":"string"}]}},"Microsoft_Teams_チャネル_Id":{"runAfter":{"Microsoft_Teams_チーム_Id":["Succeeded"]},"type":"InitializeVariable","inputs":{"variables":[{"name":"varChannelId","type":"string"}]}},"User_Id":{"runAfter":{"Microsoft_Teams_チャネル_Id":["Succeeded"]},"type":"InitializeVariable","inputs":{"variables":[{"name":"varUserId","type":"string","value":"@triggerBody()['UserId_Value']"}]}},"ユーザープロフィールを取得":{"runAfter":{"Comments":["Succeeded"]},"metadata":{"flowSystemMetadata":{"swaggerOperationId":"UserProfile_V2"}},"type":"ApiConnection","inputs":{"host":{"connection":{"name":"@json(decodeBase64(triggerOutputs().headers['X-MS-APIM-Tokens']))['$connections']['shared_office365users']['connectionId']"},"api":{"runtimeUrl":"https://japan-001.azure-apim.net/apim/office365users"}},"method":"get","path":"/codeless/v1.0/users/@{encodeURIComponent(variables('varUserId'))}","authentication":{"type":"Raw","value":"@json(decodeBase64(triggerOutputs().headers['X-MS-APIM-Tokens']))['$ConnectionKey']"}}},"Comments":{"runAfter":{"User_Id":["Succeeded"]},"type":"InitializeVariable","inputs":{"variables":[{"name":"varComments","type":"string","value":"@triggerBody()['Comments_Value']"}]}}}},"connectionReferences":{"shared_teams":{"connectionName":"shared-teams-9a7be813-a6e6-4234-a040-7aa37826b0f0","source":"Invoker","id":"/providers/Microsoft.PowerApps/apis/shared_teams","tier":"NotSpecified"},"shared_office365users":{"connectionName":"104b62c905584af282ea2561639eef66","source":"Invoker","id":"/providers/Microsoft.PowerApps/apis/shared_office365users","tier":"NotSpecified"}},"flowFailureAlertSubscribed":false}}