{"name":"f61b4d1b-d219-47be-af89-c5b4b45900e4","id":"/providers/Microsoft.Flow/flows/f61b4d1b-d219-47be-af89-c5b4b45900e4","type":"Microsoft.Flow/flows","properties":{"apiId":"/providers/Microsoft.PowerApps/apis/shared_logicflows","displayName":"新しい社内報の投稿を通知","definition":{"metadata":{"workflowEntityId":null,"creator":{"id":"ab98ea1b-0c64-4814-8dff-7d499b56b985","type":"User","tenantId":"5ca76f42-408e-4847-a8c6-71ee029a423e"},"provisioningMethod":"FromDefinition","failureAlertSubscription":true,"clientLastModifiedTime":"2020-03-05T16:10:58.5727346Z"},"$schema":"https://schema.management.azure.com/providers/Microsoft.Logic/schemas/2016-06-01/workflowdefinition.json#","contentVersion":"1.0.0.0","parameters":{"$connections":{"defaultValue":{},"type":"Object"},"$authentication":{"defaultValue":{},"type":"SecureObject"}},"triggers":{"新しい社内報が投稿されたら":{"recurrence":{"frequency":"Minute","interval":1},"splitOn":"@triggerBody()?['value']","metadata":{"flowSystemMetadata":{"swaggerOperationId":"GetOnNewItems"}},"type":"ApiConnection","inputs":{"host":{"connection":{"name":"@parameters('$connections')['shared_sharepointonline_1']['connectionId']"},"api":{"runtimeUrl":"https://japan-001.azure-apim.net/apim/sharepointonline"}},"method":"get","path":"/datasets/@{encodeURIComponent(encodeURIComponent('https://tayoshi.sharepoint.com/sites/CrisisCommunicationApp'))}/tables/@{encodeURIComponent(encodeURIComponent('189a9c1b-febc-4e02-9e86-9db148306c57'))}/onnewitems","authentication":"@parameters('$authentication')"}}},"actions":{"Apply_to_each":{"foreach":"@body('管理者設定を読み込み')?['value']","actions":{"Switch_on_preferred_send_notification_setting":{"runAfter":{"グループメンバーを取得":["Succeeded"]},"cases":{"Case_Email":{"case":"email","actions":{"Send_email_to_each_group_member":{"foreach":"@body('グループメンバーを取得')?['value']","actions":{"Send_an_email_(V2)":{"runAfter":{},"metadata":{"flowSystemMetadata":{"swaggerOperationId":"SendEmailV2"}},"type":"ApiConnection","inputs":{"host":{"connection":{"name":"@parameters('$connections')['shared_office365_1']['connectionId']"},"api":{"runtimeUrl":"https://japan-001.azure-apim.net/apim/office365"}},"method":"post","body":{"To":"@items('Send_email_to_each_group_member')?['mail']","Subject":"@triggerBody()?['Title']","Body":"<p>@{triggerBody()?['Title']}</strong><br>\n@{triggerBody()?['Blurb']}<br>\n<a href=\"@{variables('App Link')}\">@{variables('Read More Text')}</a></p>"},"path":"/v2/Mail","authentication":"@parameters('$authentication')"}}},"runAfter":{},"type":"Foreach"}}},"Case_Teams":{"case":"Teams notification","actions":{"Send_Teams_notification_to_each_group_member":{"foreach":"@body('グループメンバーを取得')?['value']","actions":{"Post_your_own_adaptive_card_as_the_Flow_bot_to_a_user":{"runAfter":{},"metadata":{"flowSystemMetadata":{"swaggerOperationId":"PostUserAdaptiveCard"}},"type":"ApiConnection","inputs":{"host":{"connection":{"name":"@parameters('$connections')['shared_teams']['connectionId']"},"api":{"runtimeUrl":"https://japan-001.azure-apim.net/apim/teams"}},"method":"post","body":{"recipient":{"to":"@{items('Send_Teams_notification_to_each_group_member')?['mail']};","summary":"@triggerBody()?['Title']","isAlert":true},"messageBody":"{\n    \"$schema\": \"http://adaptivecards.io/schemas/adaptive-card.json\",\n    \"type\": \"AdaptiveCard\",\n    \"version\": \"1.0\",\n    \"body\": [\n        {\n            \"type\": \"ColumnSet\",\n            \"columns\": [\n                {\n                    \"type\": \"Column\",\n                    \"width\": 2,\n                    \"items\": [\n                        {\n                            \"type\": \"TextBlock\",\n                            \"text\": \"@{variables('News Update')}\"\n                        },\n                        {\n                            \"type\": \"TextBlock\",\n                            \"text\": \"@{triggerBody()?['Title']}\",\n                            \"weight\": \"Bolder\",\n                            \"size\": \"ExtraLarge\",\n                            \"spacing\": \"None\",\n                            \"wrap\": true\n                        },\n                        {\n                            \"type\": \"TextBlock\",\n                            \"text\": \"@{triggerBody()?['Blurb']}\",\n                            \"size\": \"Small\",\n                            \"wrap\": true\n                        }\n                    ]\n                }\n            ]\n        }\n    ],\n    \"actions\": [\n        {\n            \"type\": \"Action.OpenUrl\",\n            \"title\": \"@{variables('Read More Text')}\",\n            \"url\": \"@{variables('App Link')}\"\n        }\n    ]\n}"},"path":"/flowbot/actions/adaptivecard/recipienttypes/user","authentication":"@parameters('$authentication')"}}},"runAfter":{},"type":"Foreach"}}},"Case_Push_Notification":{"case":"Push notification","actions":{"Send_Power_Apps_push_notification_to_each_group_member":{"foreach":"@body('グループメンバーを取得')?['value']","actions":{"Send_push_notification":{"runAfter":{},"metadata":{"flowSystemMetadata":{"swaggerOperationId":"SendPushNotification"}},"type":"ApiConnection","inputs":{"host":{"connection":{"name":"@parameters('$connections')['shared_powerappsnotification_1']['connectionId']"},"api":{"runtimeUrl":"https://japan-001.azure-apim.net/apim/powerappsnotification"}},"method":"post","body":{"recipients":["@items('Send_Power_Apps_push_notification_to_each_group_member')?['mail']"],"message":"@{triggerBody()?['Title']}\n@{triggerBody()?['Blurb']}","openApp":true,"params":{"newsid":"@{triggerBody()?['ID']}"}},"path":"/providers/Microsoft.PowerApps/scopes/connector/sendPushNotification","authentication":"@parameters('$authentication')"}}},"runAfter":{},"type":"Foreach"}}}},"default":{"actions":{}},"expression":"@items('Apply_to_each')?['PreferredSentNotification']?['Value']","type":"Switch"},"グループメンバーを取得":{"runAfter":{"Set_App_Link_Variable":["Succeeded"]},"metadata":{"flowSystemMetadata":{"swaggerOperationId":"GetGroupMembers"}},"type":"ApiConnection","inputs":{"host":{"connection":{"name":"@parameters('$connections')['shared_azuread']['connectionId']"},"api":{"runtimeUrl":"https://japan-001.azure-apim.net/apim/azuread"}},"method":"get","path":"/v1.0/groups/@{encodeURIComponent(items('Apply_to_each')?['AADGroupID'])}/members","authentication":"@parameters('$authentication')"}},"Set_App_Link_Variable":{"runAfter":{},"type":"SetVariable","inputs":{"name":"App Link","value":"@{concat(items('Apply_to_each')?['AppUrl'], if(greater(indexOf(items('Apply_to_each')?['AppUrl'], '?'),0),'&','?'), 'newsid=',triggerBody()?['ID'])}"}}},"runAfter":{"Initialize_variable_-_App_Link":["Succeeded"]},"type":"Foreach"},"管理者設定を読み込み":{"runAfter":{},"metadata":{"flowSystemMetadata":{"swaggerOperationId":"GetItems"}},"type":"ApiConnection","inputs":{"host":{"connection":{"name":"@parameters('$connections')['shared_sharepointonline_1']['connectionId']"},"api":{"runtimeUrl":"https://japan-001.azure-apim.net/apim/sharepointonline"}},"method":"get","path":"/datasets/@{encodeURIComponent(encodeURIComponent('https://tayoshi.sharepoint.com/sites/CrisisCommunicationApp'))}/tables/@{encodeURIComponent(encodeURIComponent('10ff250a-e677-4dd8-bf44-67643e3bbae1'))}/items","queries":{"$top":1},"authentication":"@parameters('$authentication')"}},"Initialize_variable_-_Read_More_Text":{"runAfter":{"管理者設定を読み込み":["Succeeded"]},"type":"InitializeVariable","inputs":{"variables":[{"name":"Read More Text","type":"string","value":"続きを読む"}]}},"Initialize_variable_-_App_Link":{"runAfter":{"Initialize_variable_-_News_Update":["Succeeded"]},"type":"InitializeVariable","inputs":{"variables":[{"name":"App Link","type":"string"}]}},"Initialize_variable_-_News_Update":{"runAfter":{"Initialize_variable_-_Read_More_Text":["Succeeded"]},"type":"InitializeVariable","inputs":{"variables":[{"name":"News Update","type":"string","value":"News Update"}]}}}},"connectionReferences":{"shared_office365_1":{"connectionName":"shared-office365-9aeb3798-6393-4283-93e0-adcddae6a00f","source":"Embedded","id":"/providers/Microsoft.PowerApps/apis/shared_office365","tier":"NotSpecified"},"shared_teams":{"connectionName":"shared-teams-9a7be813-a6e6-4234-a040-7aa37826b0f0","source":"Embedded","id":"/providers/Microsoft.PowerApps/apis/shared_teams","tier":"NotSpecified"},"shared_powerappsnotification_1":{"connectionName":"10726c47771f4dd4a242d9c2c4cb63f4","source":"Embedded","id":"/providers/Microsoft.PowerApps/apis/shared_powerappsnotification","tier":"NotSpecified"},"shared_azuread":{"connectionName":"shared-azuread-383075de-9658-40b9-a96f-4bc0c8ed8831","source":"Embedded","id":"/providers/Microsoft.PowerApps/apis/shared_azuread","tier":"NotSpecified"},"shared_sharepointonline_1":{"connectionName":"d79bf10a7fc14c3c91b99d740365b420","source":"Embedded","id":"/providers/Microsoft.PowerApps/apis/shared_sharepointonline","tier":"NotSpecified"}},"flowFailureAlertSubscribed":false}}