{"schemaVersion":"1.0","appDefinitionTemplate":{"id":"/providers/Microsoft.PowerApps/apps/","type":"Microsoft.PowerApps/apps","tags":{"minimumRequiredApiVersion":"2.2.0"},"properties":{"appVersion":"2019-12-04T10:12:40Z","lifeCycleId":"Published","createdByClientVersion":{"major":3,"minor":19112,"build":26,"revision":0,"majorRevision":0,"minorRevision":0},"minClientVersion":{"major":3,"minor":19112,"build":26,"revision":0,"majorRevision":0,"minorRevision":0},"backgroundColor":"rgba(76, 74, 72, 1)","backgroundImageUri":"/9094369179607624053/N200cac1f-5040-4724-b03f-e32c9db39811-logoSmallFile","displayName":"開発者コンプライアンスセンター","description":"Portal for PowerApps creators to view their apps and submit more information to get better support from their Center of Excellence.","commitMessage":"","appUris":{"documentUri":{"value":"/9094369179607624053/N72dc6991-b45b-43bb-a76a-e6a4e3ceb1b6-document.msapp","readonlyValue":"/9094369179607624053/N72dc6991-b45b-43bb-a76a-e6a4e3ceb1b6-document.msapp"},"imageUris":[]},"createdTime":"0001-01-01T00:00:00Z","lastModifiedTime":"0001-01-01T00:00:00Z","sharedGroupsCount":0,"sharedUsersCount":0,"icons":{"smallIconUri":"/9094369179607624053/N2816ae33-6fb2-4c1f-abc5-9403a5a3f12f-small.png","mediumIconUri":"/9094369179607624053/N581726ec-140c-4423-a828-8e9464b8eb87-medium.png","largeIconUri":"/9094369179607624053/N205609c2-c63f-4c69-9a03-56eb06e90d52-large.png","wideIconUri":"/9094369179607624053/Nd8cd6e87-124a-47f3-8023-5132a0db12de-wide.png"},"connectionReferences":{"271d7114-707c-4aad-be98-6a34fd0dd6ff":{"id":"64aa7dd8-7725-4080-b2c1-01a169d21f7b","displayName":"PowerApps for App Makers","iconUri":"https://connectoricons-prod.azureedge.net/powerappsforappmakers/icon_1.0.1257.1710.png","dataSources":["PowerAppsforAppMakers"],"dependencies":[],"dependents":[],"parameterHints":{},"isOnPremiseConnection":false,"bypassConsent":false,"dataSets":{},"apiTier":"Standard","isCustomApiConnection":false},"2e44dbcf-945e-4d29-ad79-74cd5fab8789":{"id":"7c2f0275-cfd6-46f6-99d9-6e4e340589b0","displayName":"Office 365 Outlook","iconUri":"https://connectoricons-prod.azureedge.net/office365/icon_1.0.1280.1753.png","dataSources":["Office365"],"dependencies":[],"dependents":[],"parameterHints":{},"isOnPremiseConnection":false,"bypassConsent":false,"dataSets":{},"apiTier":"Standard","isCustomApiConnection":false},"2e077578-1e56-433c-a9c9-3f50c91d7415":{"id":"dcb3ab75-69d8-4f33-a0de-2fa5156ff1ee","displayName":"Office 365 ユーザー","iconUri":"https://connectoricons-prod.azureedge.net/office365users/icon_1.0.1258.1715.png","dataSources":["Office365Users"],"dependencies":[],"dependents":[],"parameterHints":{},"isOnPremiseConnection":false,"bypassConsent":false,"dataSets":{},"apiTier":"Standard","isCustomApiConnection":false},"76a64841-1a28-4b52-bf64-9b029fc0d153":{"id":"5cfba7e7-8ef6-4011-a5bb-ba26b2dc9a63","displayName":"PowerApps for Admins","iconUri":"https://connectoricons-prod.azureedge.net/powerappsforadmins/icon_1.0.1257.1710.png","dataSources":["PowerAppsforAdmins"],"dependencies":[],"dependents":[],"parameterHints":{},"isOnPremiseConnection":false,"bypassConsent":false,"dataSets":{},"apiTier":"Standard","isCustomApiConnection":false}},"databaseReferences":{"default.cds":{"databaseDetails":{"referenceType":"Environmental","environmentName":"default.cds"},"dataSources":{"Power Apps アプリ":{"entitySetName":"admin_apps","logicalName":"admin_app"},"ユーザー ":{"entitySetName":"systemusers","logicalName":"systemuser"},"作成者":{"entitySetName":"admin_makers","logicalName":"admin_maker"},"COE設定":{"entitySetName":"admin_coesettingses","logicalName":"admin_coesettings"},"環境":{"entitySetName":"admin_environments","logicalName":"admin_environment"}}}},"almMode":"Solution","performanceOptimizationEnabled":false,"canConsumeAppPass":true},"isAppComponentLibrary":false,"appComponents":[]}}