{"schemaVersion":"1.0","appDefinitionTemplate":{"id":"/providers/Microsoft.PowerApps/apps/","type":"Microsoft.PowerApps/apps","tags":{"minimumRequiredApiVersion":"2.2.0"},"properties":{"appVersion":"2019-12-04T22:38:54Z","lifeCycleId":"Published","createdByClientVersion":{"major":3,"minor":19112,"build":27,"revision":0,"majorRevision":0,"minorRevision":0},"minClientVersion":{"major":3,"minor":19112,"build":27,"revision":0,"majorRevision":0,"minorRevision":0},"backgroundColor":"rgba(72, 104, 96, 1)","backgroundImageUri":"/18009868649734142625/Nff383997-e898-457b-bdea-4374da5e025a-logoSmallFile","displayName":"アプリカタログ","description":"","commitMessage":"","appUris":{"documentUri":{"value":"/18009868649734142625/Ne288c97d-9f02-4053-8c1b-8554f0263515-document.msapp","readonlyValue":"/18009868649734142625/Ne288c97d-9f02-4053-8c1b-8554f0263515-document.msapp"},"imageUris":[]},"createdTime":"0001-01-01T00:00:00Z","lastModifiedTime":"0001-01-01T00:00:00Z","sharedGroupsCount":0,"sharedUsersCount":0,"icons":{"smallIconUri":"/18009868649734142625/N6b8e6379-671a-43d7-ba5a-907191386f66-small.png","mediumIconUri":"/18009868649734142625/N67d4e0a8-7d64-49f9-9f81-c2fba3d1e223-medium.png","largeIconUri":"/18009868649734142625/Ndd3efc4b-ac6e-4419-aae6-08a656b5f5a0-large.png","wideIconUri":"/18009868649734142625/N848ee50b-5db7-4844-946e-6542a2931401-wide.png"},"connectionReferences":{"ccbdbeab-88f6-405b-b5ec-f210d9438a95":{"id":"7aad3346-dfc9-44f7-9ece-f68af835bac4","displayName":"PowerPlatform for Admins","iconUri":"https://connectoricons-prod.azureedge.net/powerplatformforadmins/icon_1.0.1284.1763.png","dataSources":["PowerplatformforAdmins"],"dependencies":[],"dependents":[],"parameterHints":{},"isOnPremiseConnection":false,"dataSets":{},"apiTier":"Standard","isCustomApiConnection":false},"187ab86d-494e-4e59-bbde-64530c6d6328":{"id":"64aa7dd8-7725-4080-b2c1-01a169d21f7b","displayName":"PowerApps for App Makers","iconUri":"https://connectoricons-prod.azureedge.net/powerappsforappmakers/icon_1.0.1257.1710.png","dataSources":["PowerAppsforAppMakers"],"dependencies":[],"dependents":[],"parameterHints":{},"isOnPremiseConnection":false,"dataSets":{},"apiTier":"Standard","isCustomApiConnection":false},"9abb700a-9815-47c1-ad37-4c8146e7ed16":{"id":"dcb3ab75-69d8-4f33-a0de-2fa5156ff1ee","displayName":"Office 365 ユーザー","iconUri":"https://connectoricons-prod.azureedge.net/office365users/icon_1.0.1258.1715.png","dataSources":["Office365Users"],"dependencies":[],"dependents":[],"parameterHints":{},"isOnPremiseConnection":false,"dataSets":{},"apiTier":"Standard","isCustomApiConnection":false},"88eac709-265f-4309-9e7b-160acdf574e7":{"id":"7c2f0275-cfd6-46f6-99d9-6e4e340589b0","displayName":"Office 365 Outlook","iconUri":"https://connectoricons-prod.azureedge.net/office365/icon_1.0.1280.1753.png","dataSources":["Office365"],"dependencies":[],"dependents":[],"parameterHints":{},"isOnPremiseConnection":false,"dataSets":{},"apiTier":"Standard","isCustomApiConnection":false}},"databaseReferences":{"default.cds":{"databaseDetails":{"referenceType":"NotSpecified","environmentName":"default.cds"},"dataSources":{"Power Apps アプリ":{"entitySetName":"admin_apps","logicalName":"admin_app"},"ユーザー ":{"entitySetName":"systemusers","logicalName":"systemuser"},"作成者":{"entitySetName":"admin_makers","logicalName":"admin_maker"},"COE設定":{"entitySetName":"admin_coesettingses","logicalName":"admin_coesettings"},"環境":{"entitySetName":"admin_environments","logicalName":"admin_environment"}}}},"almMode":"Solution","performanceOptimizationEnabled":false,"canConsumeAppPass":true},"isAppComponentLibrary":false,"appComponents":[]}}