{"properties":{"connectionReferences":{"shared_commondataservice_2":{"runtimeSource":"embedded","connection":{},"api":{"name":"shared_commondataservice"}},"shared_flowmanagement_2":{"runtimeSource":"embedded","connection":{},"api":{"name":"shared_flowmanagement"}},"shared_office365users":{"runtimeSource":"embedded","connection":{},"api":{"name":"shared_office365users"}},"shared_office365_1":{"runtimeSource":"embedded","connection":{},"api":{"name":"shared_office365"}}},"definition":{"$schema":"https://schema.management.azure.com/providers/Microsoft.Logic/schemas/2016-06-01/workflowdefinition.json#","contentVersion":"1.0.0.0","parameters":{"$connections":{"defaultValue":{},"type":"Object"},"$authentication":{"defaultValue":{},"type":"SecureObject"}},"triggers":{"When_a_record_is_updated":{"metadata":{"flowSystemMetadata":{"swaggerOperationId":"SubscribeOnUpdatedItems"}},"type":"ApiConnectionWebhook","inputs":{"host":{"connection":{"name":"@parameters('$connections')['shared_commondataservice_2']['connectionId']"}},"body":{"NotificationUrl":"@{listCallbackUrl()}"},"path":"/datasets/@{encodeURIComponent(encodeURIComponent('default.cds'))}/tables/@{encodeURIComponent(encodeURIComponent('admin_environments'))}/onupdateditemswebhook","queries":{"scope":"Organization"},"authentication":"@parameters('$authentication')"}}},"actions":{"Initialize_today_variable":{"runAfter":{},"type":"InitializeVariable","inputs":{"variables":[{"name":"today","type":"String","value":"@{utcNow()}"}]},"description":"Used to identify the 'Record Modified' field on all resource entities"},"Initialize_Flow_Environment_variable":{"runAfter":{"Initialize_today_variable":["Succeeded"]},"type":"InitializeVariable","inputs":{"variables":[{"name":"flowEnvironment","type":"String","value":"https://us.flow.microsoft.com/manage/environments/"}]},"description":"Environment location specific Flow URL - remember / at the end"},"Check_if_Environment_is_deleted":{"actions":{"Try":{"actions":{"List_Existing_Connection_References":{"runAfter":{},"metadata":{"flowSystemMetadata":{"swaggerOperationId":"GetItems_V2"}},"type":"ApiConnection","inputs":{"host":{"connection":{"name":"@parameters('$connections')['shared_commondataservice_2']['connectionId']"}},"method":"get","path":"/v2/datasets/@{encodeURIComponent(encodeURIComponent('default.cds'))}/tables/@{encodeURIComponent(encodeURIComponent('admin_connectionreferences'))}/items","authentication":"@parameters('$authentication')"},"runtimeConfiguration":{"paginationPolicy":{"minimumItemCount":10000}}},"List_Connectors":{"runAfter":{"List_Existing_Connection_References":["Succeeded"]},"metadata":{"flowSystemMetadata":{"swaggerOperationId":"GetItems_V2"}},"type":"ApiConnection","inputs":{"host":{"connection":{"name":"@parameters('$connections')['shared_commondataservice_2']['connectionId']"}},"method":"get","path":"/v2/datasets/@{encodeURIComponent(encodeURIComponent('default.cds'))}/tables/@{encodeURIComponent(encodeURIComponent('admin_connectors'))}/items","authentication":"@parameters('$authentication')"},"runtimeConfiguration":{"paginationPolicy":{"minimumItemCount":1000}}},"List_Flows_as_Admin":{"runAfter":{"List_Connectors":["Succeeded"]},"metadata":{"flowSystemMetadata":{"swaggerOperationId":"ListFlowsInEnvironment"}},"type":"ApiConnection","inputs":{"host":{"connection":{"name":"@parameters('$connections')['shared_flowmanagement_2']['connectionId']"}},"method":"get","path":"/scopes/admin/environments/@{encodeURIComponent(triggerBody()?['admin_environmentid'])}/flows","authentication":"@parameters('$authentication')"},"runtimeConfiguration":{"paginationPolicy":{"minimumItemCount":10000}}},"Apply_to_each_Flow":{"foreach":"@body('List_Flows_as_Admin')?['value']","actions":{"Apply_to_each_Flow_Connection":{"foreach":"@body('Filter_Flow_Connection_References')","actions":{"Delete_a_record":{"runAfter":{},"metadata":{"flowSystemMetadata":{"swaggerOperationId":"DeleteItem"}},"type":"ApiConnection","inputs":{"host":{"connection":{"name":"@parameters('$connections')['shared_commondataservice_2']['connectionId']"}},"method":"delete","path":"/datasets/@{encodeURIComponent(encodeURIComponent('default.cds'))}/tables/@{encodeURIComponent(encodeURIComponent('admin_connectionreferences'))}/items/@{encodeURIComponent(encodeURIComponent(items('Apply_to_each_Flow_Connection')?['admin_connectionreferenceid']))}","authentication":"@parameters('$authentication')"}}},"runAfter":{"Filter_Flow_Connection_References":["Succeeded"]},"type":"Foreach","runtimeConfiguration":{"concurrency":{"repetitions":50}}},"Get_Flow_as_Admin":{"runAfter":{},"metadata":{"flowSystemMetadata":{"swaggerOperationId":"AdminGetFlow"}},"type":"ApiConnection","inputs":{"host":{"connection":{"name":"@parameters('$connections')['shared_flowmanagement_2']['connectionId']"}},"method":"get","path":"/scopes/admin/environments/@{encodeURIComponent(triggerBody()?['admin_environmentname'])}/flows/@{encodeURIComponent(items('Apply_to_each_Flow')?['name'])}","authentication":"@parameters('$authentication')"}},"Check_if_Flow_Connection_References_are_not_null":{"actions":{"Apply_to_each_Flow_Connection_Reference":{"foreach":"@body('Get_Flow_as_Admin')?['properties']?['connectionReferences']","actions":{"Create_a_new_Flow_Connection_Reference":{"runAfter":{"Filter_Flow_Connector":["Succeeded"]},"metadata":{"flowSystemMetadata":{"swaggerOperationId":"PostItem_V2"}},"type":"ApiConnection","inputs":{"host":{"connection":{"name":"@parameters('$connections')['shared_commondataservice_2']['connectionId']"}},"method":"post","body":{"admin_displayname":"@items('Apply_to_each_Flow_Connection_Reference')?['apiDefinition']?['properties']?['displayName']","_admin_flow_value":"@items('Apply_to_each_Flow')?['name']","_admin_connector_value":"@{first(body('Filter_Flow_Connector'))?['admin_connectorid']}","_ownerid_type":""},"path":"/v2/datasets/@{encodeURIComponent(encodeURIComponent('default.cds'))}/tables/@{encodeURIComponent(encodeURIComponent('admin_connectionreferences'))}/items","authentication":"@parameters('$authentication')"}},"Filter_Flow_Connector":{"runAfter":{},"type":"Query","inputs":{"from":"@body('List_Connectors')?['value']","where":"@equals(item()?['admin_displayname'], items('Apply_to_each_Flow_Connection_Reference')?['apiDefinition']?['properties']?['displayName'])"}}},"runAfter":{},"type":"Foreach","runtimeConfiguration":{"concurrency":{"repetitions":50}}}},"runAfter":{"Apply_to_each_Flow_Connection":["Succeeded"]},"expression":{"not":{"equals":["@body('Get_Flow_as_Admin')?['properties']?['connectionReferences']","@null"]}},"type":"If"},"Upsert_Flow_Details":{"actions":{"Get_Flow_Creator_profile":{"runAfter":{},"metadata":{"flowSystemMetadata":{"swaggerOperationId":"UserProfile_V2"}},"type":"ApiConnection","inputs":{"host":{"connection":{"name":"@parameters('$connections')['shared_office365users']['connectionId']"}},"method":"get","path":"/codeless/v1.0/users/@{encodeURIComponent(items('Apply_to_each_Flow')?['properties']?['creator']?['objectId'])}","authentication":"@parameters('$authentication')"}},"Upsert_Flow_Maker":{"runAfter":{"Get_Flow_Creator_profile":["Succeeded"]},"metadata":{"flowSystemMetadata":{"swaggerOperationId":"PatchItem_V2"}},"type":"ApiConnection","inputs":{"host":{"connection":{"name":"@parameters('$connections')['shared_commondataservice_2']['connectionId']"}},"method":"patch","body":{"admin_displayname":"@body('Get_Flow_Creator_profile')?['displayName']","admin_userprincipalname":"@body('Get_Flow_Creator_profile')?['userPrincipalName']","admin_country":"@body('Get_Flow_Creator_profile')?['country']","admin_city":"@body('Get_Flow_Creator_profile')?['city']","admin_jobtitle":"@body('Get_Flow_Creator_profile')?['jobTitle']","admin_department":"@body('Get_Flow_Creator_profile')?['department']","_ownerid_type":""},"path":"/v2/datasets/@{encodeURIComponent(encodeURIComponent('default.cds'))}/tables/@{encodeURIComponent(encodeURIComponent('admin_makers'))}/items/@{encodeURIComponent(encodeURIComponent(body('Get_Flow_as_Admin')?['properties']?['creator']?['objectId']))}","authentication":"@parameters('$authentication')"}},"Upsert_Flow_record":{"runAfter":{"Upsert_Flow_Maker":["Succeeded"]},"metadata":{"flowSystemMetadata":{"swaggerOperationId":"PatchItem_V2"}},"type":"ApiConnection","inputs":{"host":{"connection":{"name":"@parameters('$connections')['shared_commondataservice_2']['connectionId']"}},"method":"patch","body":{"admin_displayname":"@items('Apply_to_each_Flow')?['properties']?['displayName']","_admin_flowenvironment_value":"@triggerBody()?['admin_environmentid']","admin_flowcreatedon":"@items('Apply_to_each_Flow')?['properties']?['createdTime']","admin_flowmodifiedon":"@items('Apply_to_each_Flow')?['properties']?['lastModifiedTime']","_admin_flowcreator_value":"@body('Get_Flow_as_Admin')?['properties']?['creator']?['objectId']","_ownerid_type":""},"path":"/v2/datasets/@{encodeURIComponent(encodeURIComponent('default.cds'))}/tables/@{encodeURIComponent(encodeURIComponent('admin_flows'))}/items/@{encodeURIComponent(encodeURIComponent(items('Apply_to_each_Flow')?['name']))}","authentication":"@parameters('$authentication')"}},"Upsert_Flow_record_(creator_not_found)":{"runAfter":{"Get_Flow_Creator_profile":["Failed"]},"metadata":{"flowSystemMetadata":{"swaggerOperationId":"PatchItem_V2"}},"type":"ApiConnection","inputs":{"host":{"connection":{"name":"@parameters('$connections')['shared_commondataservice_2']['connectionId']"}},"method":"patch","body":{"admin_displayname":"@items('Apply_to_each_Flow')?['properties']?['displayName']","_admin_flowenvironment_value":"@triggerBody()?['admin_environmentid']","admin_flowcreatedon":"@items('Apply_to_each_Flow')?['properties']?['createdTime']","admin_flowmakerdisplayname":"Unknown","admin_flowmodifiedon":"@items('Apply_to_each_Flow')?['properties']?['lastModifiedTime']","_ownerid_type":""},"path":"/v2/datasets/@{encodeURIComponent(encodeURIComponent('default.cds'))}/tables/@{encodeURIComponent(encodeURIComponent('admin_flows'))}/items/@{encodeURIComponent(encodeURIComponent(items('Apply_to_each_Flow')?['name']))}","authentication":"@parameters('$authentication')"}}},"runAfter":{"Get_Flow_as_Admin":["Succeeded"]},"type":"Scope"},"Filter_Flow_Connection_References":{"runAfter":{"Upsert_Flow_Details":["Succeeded","Failed"]},"type":"Query","inputs":{"from":"@body('List_Existing_Connection_References')?['value']","where":"@equals(item()?['_admin_flow_value'], items('Apply_to_each_Flow')?['name'])"}}},"runAfter":{"List_Flows_as_Admin":["Succeeded"]},"type":"Foreach","runtimeConfiguration":{"concurrency":{"repetitions":50}}},"List_existing_Flows":{"runAfter":{"Apply_to_each_Flow":["Succeeded"]},"metadata":{"flowSystemMetadata":{"swaggerOperationId":"GetItems_V2"}},"type":"ApiConnection","inputs":{"host":{"connection":{"name":"@parameters('$connections')['shared_commondataservice_2']['connectionId']"}},"method":"get","path":"/v2/datasets/@{encodeURIComponent(encodeURIComponent('default.cds'))}/tables/@{encodeURIComponent(encodeURIComponent('admin_flows'))}/items","authentication":"@parameters('$authentication')"}},"Filter_existing_Flows_by_Environment":{"runAfter":{"List_existing_Flows":["Succeeded"]},"type":"Query","inputs":{"from":"@body('List_existing_Flows')?['value']","where":"@equals(item()?['_admin_flowenvironment_value'], triggerBody()?['admin_environmentid'])"}},"Apply_to_each_existing_App_to_find_deleted_apps":{"foreach":"@body('Filter_existing_Flows_by_Environment')","actions":{"Check_if_current_App_list_contains_App_ID":{"actions":{"Mark_App_as_deleted":{"runAfter":{},"metadata":{"flowSystemMetadata":{"swaggerOperationId":"PatchItem_V2"}},"type":"ApiConnection","inputs":{"host":{"connection":{"name":"@parameters('$connections')['shared_commondataservice_2']['connectionId']"}},"method":"patch","body":{"admin_displayname":"@body('Parse_JSON')?['admin_displayname']","admin_flowdeletedon":"@variables('today')","admin_flowdeleted":true,"_ownerid_type":""},"path":"/v2/datasets/@{encodeURIComponent(encodeURIComponent('default.cds'))}/tables/@{encodeURIComponent(encodeURIComponent('admin_flows'))}/items/@{encodeURIComponent(encodeURIComponent(body('Parse_JSON')['ItemInternalId']))}","authentication":"@parameters('$authentication')"}}},"runAfter":{"Filter_Flows":["Succeeded"]},"expression":{"equals":["@length(body('Filter_Flows'))",0]},"type":"If"},"Filter_Flows":{"runAfter":{"Parse_JSON":["Succeeded"]},"type":"Query","inputs":{"from":"@body('List_Flows_as_Admin')?['value']","where":"@equals(string(item()?['name']), string(body('Parse_JSON')['ItemInternalId']))"}},"Parse_JSON":{"runAfter":{},"type":"ParseJson","inputs":{"content":"@items('Apply_to_each_existing_App_to_find_deleted_apps')","schema":{"type":"object","properties":{"ItemInternalId":{"type":"string"},"admin_displayname":{"type":"string"}},"required":["ItemInternalId"]}}}},"runAfter":{"Filter_existing_Flows_by_Environment":["Succeeded"]},"type":"Foreach"}},"runAfter":{},"type":"Scope"}},"runAfter":{"Initialize_Flow_Environment_variable":["Succeeded"]},"expression":{"not":{"equals":["@triggerBody()?['admin_environmentdeleted']","@true"]}},"type":"If"},"Catch":{"actions":{"Send_an_email_(V2)":{"runAfter":{"Get_my_profile_(V2)":["Succeeded"]},"metadata":{"flowSystemMetadata":{"swaggerOperationId":"SendEmailV2"}},"type":"ApiConnection","inputs":{"host":{"connection":{"name":"@parameters('$connections')['shared_office365_1']['connectionId']"}},"method":"post","body":{"To":"@{body('Get_my_profile_(V2)')?['mail']};","Subject":"Admin | Sync Flows failed","Body":"<p>You flow has failed. You can find the run failure details by clicking on the url below.<br>\n<br>\n@{concat(variables('flowEnvironment'), workflow()?['tags']['environmentName'], '/flows/', workflow()?['name'], '/runs/', workflow()?['run']['name'])}</p>"},"path":"/v2/Mail","authentication":"@parameters('$authentication')"}},"Get_my_profile_(V2)":{"runAfter":{},"metadata":{"flowSystemMetadata":{"swaggerOperationId":"MyProfile_V2"}},"type":"ApiConnection","inputs":{"host":{"connection":{"name":"@parameters('$connections')['shared_office365users']['connectionId']"}},"method":"get","path":"/codeless/v1.0/me","authentication":"@parameters('$authentication')"}}},"runAfter":{"Check_if_Environment_is_deleted":["Failed"]},"type":"Scope"},"Finally":{"actions":{},"runAfter":{"Catch":["Succeeded","Failed","Skipped","TimedOut"]},"type":"Scope","description":"not currently in use - runs if success / if failed"}},"outputs":{}}},"schemaVersion":"1.0.0.0"}