{"properties":{"connectionReferences":{"shared_office365_1":{"runtimeSource":"embedded","connection":{},"api":{"name":"shared_office365"}},"shared_office365users":{"runtimeSource":"embedded","connection":{},"api":{"name":"shared_office365users"}},"shared_commondataservice_1":{"runtimeSource":"embedded","connection":{},"api":{"name":"shared_commondataservice"}},"shared_powerplatformforadmins":{"runtimeSource":"embedded","connection":{},"api":{"name":"shared_powerplatformforadmins"}},"shared_powerappsforappmakers_1":{"runtimeSource":"embedded","connection":{},"api":{"name":"shared_powerappsforappmakers"}}},"definition":{"$schema":"https://schema.management.azure.com/providers/Microsoft.Logic/schemas/2016-06-01/workflowdefinition.json#","contentVersion":"1.0.0.0","parameters":{"$connections":{"defaultValue":{},"type":"Object"},"$authentication":{"defaultValue":{},"type":"SecureObject"}},"triggers":{"Recurrence":{"recurrence":{"frequency":"Day","interval":1,"schedule":{"hours":["1"]}},"type":"Recurrence"}},"actions":{"Initialize_today_variable":{"runAfter":{},"type":"InitializeVariable","inputs":{"variables":[{"name":"today","type":"String","value":"@{utcNow()}"}]},"description":"Used to identify the 'Record Modified' field on all resource entities"},"Initialize_Flow_Environment_variable":{"runAfter":{"Initialize_today_variable":["Succeeded"]},"type":"InitializeVariable","inputs":{"variables":[{"name":"flowEnvironment","type":"String","value":"https://us.flow.microsoft.com/manage/environments/"}]},"description":"Environment location specific Flow URL - remember / at the end"},"Catch":{"actions":{"Send_an_email_(V2)":{"runAfter":{"Get_my_profile_(V2)":["Succeeded"]},"metadata":{"flowSystemMetadata":{"swaggerOperationId":"SendEmailV2"}},"type":"ApiConnection","inputs":{"host":{"connection":{"name":"@parameters('$connections')['shared_office365_1']['connectionId']"}},"method":"post","body":{"To":"@{body('Get_my_profile_(V2)')?['mail']};","Subject":"実行エラー：管理者用 | 更新テンプレート v2（コネクター）の実行が失敗しました","Body":"<p>フローが失敗しました。エラー内容につきましては、以下のURLからご覧ください。<br>\n<br>\n@{concat(variables('flowEnvironment'), workflow()?['tags']['environmentName'], '/flows/', workflow()?['name'], '/runs/', workflow()?['run']['name'])}</p>"},"path":"/v2/Mail","authentication":"@parameters('$authentication')"}},"Get_my_profile_(V2)":{"runAfter":{},"metadata":{"flowSystemMetadata":{"swaggerOperationId":"MyProfile_V2"}},"type":"ApiConnection","inputs":{"host":{"connection":{"name":"@parameters('$connections')['shared_office365users']['connectionId']"}},"method":"get","path":"/codeless/v1.0/me","authentication":"@parameters('$authentication')"}}},"runAfter":{"Try":["Failed"]},"type":"Scope"},"Finally":{"actions":{},"runAfter":{"Catch":["Succeeded","Failed","Skipped","TimedOut"]},"type":"Scope","description":"not in use - placeholder, will run if success/if failed"},"Try":{"actions":{"Apply_to_each_Standard_Connector":{"foreach":"@body('Get_Connectors')?['value']","actions":{"Get_Connector_Record":{"runAfter":{},"metadata":{"flowSystemMetadata":{"swaggerOperationId":"GetItems_V2"}},"type":"ApiConnection","inputs":{"host":{"connection":{"name":"@parameters('$connections')['shared_commondataservice_1']['connectionId']"}},"method":"get","path":"/v2/datasets/@{encodeURIComponent(encodeURIComponent('default.cds'))}/tables/@{encodeURIComponent(encodeURIComponent('admin_connectors'))}/items","queries":{"$filter":"admin_name eq '@{items('Apply_to_each_Standard_Connector')?['name']}'"},"authentication":"@parameters('$authentication')"}},"Check_if_the_connector_is_custom":{"actions":{"Upsert_Connector_record":{"runAfter":{},"metadata":{"flowSystemMetadata":{"swaggerOperationId":"PatchItem_V2"}},"type":"ApiConnection","inputs":{"host":{"connection":{"name":"@parameters('$connections')['shared_commondataservice_1']['connectionId']"}},"method":"patch","body":{"admin_displayname":"@items('Apply_to_each_Standard_Connector')?['properties']?['displayName']","admin_name":"@items('Apply_to_each_Standard_Connector')?['name']","admin_iscustomapi":false,"admin_iconuri":"@items('Apply_to_each_Standard_Connector')?['properties']?['iconUri']","admin_connectormodified":"@items('Apply_to_each_Standard_Connector')?['properties']?['changedTime']","admin_backgroundcolor":"@items('Apply_to_each_Standard_Connector')?['properties']?['metadata']?['brandColor']","admin_recordmodified":"@variables('today')","_ownerid_type":""},"path":"/v2/datasets/@{encodeURIComponent(encodeURIComponent('default.cds'))}/tables/@{encodeURIComponent(encodeURIComponent('admin_connectors'))}/items/@{encodeURIComponent(encodeURIComponent(outputs('Get_Connector_GUID_or_create_one')))}","authentication":"@parameters('$authentication')"}}},"runAfter":{"Get_Connector_GUID_or_create_one":["Succeeded"]},"expression":{"equals":["@items('Apply_to_each_Standard_Connector')?['properties']?['isCustomApi']","@false"]},"type":"If"},"Filter_Standard_Connector":{"runAfter":{"Get_Connector_Record":["Succeeded"]},"type":"Query","inputs":{"from":"@body('List_initial_Connector_records')?['value']","where":"@equals(item()?['admin_name'], items('Apply_to_each_Standard_Connector')?['name'])"}},"Get_Connector_GUID_or_create_one":{"runAfter":{"Filter_Standard_Connector":["Succeeded"]},"type":"Compose","inputs":"@if(not(empty(body('Filter_Standard_Connector'))), first(body('Filter_Standard_Connector'))?['admin_connectorid'], guid())"}},"runAfter":{"Get_Connectors":["Succeeded"]},"type":"Foreach","runtimeConfiguration":{"concurrency":{"repetitions":50}}},"List_initial_Connector_records":{"runAfter":{},"metadata":{"flowSystemMetadata":{"swaggerOperationId":"GetItems_V2"}},"type":"ApiConnection","inputs":{"host":{"connection":{"name":"@parameters('$connections')['shared_commondataservice_1']['connectionId']"}},"method":"get","path":"/v2/datasets/@{encodeURIComponent(encodeURIComponent('default.cds'))}/tables/@{encodeURIComponent(encodeURIComponent('admin_connectors'))}/items","authentication":"@parameters('$authentication')"},"runtimeConfiguration":{"paginationPolicy":{"minimumItemCount":10000}}},"Get_Environments":{"runAfter":{"List_initial_Connector_records":["Succeeded"]},"metadata":{"flowSystemMetadata":{"swaggerOperationId":"Get-AdminEnvironment"}},"type":"ApiConnection","inputs":{"host":{"connection":{"name":"@parameters('$connections')['shared_powerplatformforadmins']['connectionId']"}},"method":"get","path":"/environments","queries":{"api-version":"2018-10-01"},"authentication":"@parameters('$authentication')"},"runtimeConfiguration":{"paginationPolicy":{"minimumItemCount":10000}}},"Get_Connectors":{"runAfter":{"Get_Environments":["Succeeded"]},"metadata":{"flowSystemMetadata":{"swaggerOperationId":"Get-Connectors"}},"type":"ApiConnection","inputs":{"host":{"connection":{"name":"@parameters('$connections')['shared_powerappsforappmakers_1']['connectionId']"}},"method":"get","path":"/providers/Microsoft.PowerApps/apis","queries":{"showApisWithToS":"true","$filter":"environment eq '@{first(body('Get_Environments')?['value'])?['name']}'","api-version":"2016-11-01"},"authentication":"@parameters('$authentication')"}}},"runAfter":{"Initialize_Flow_Environment_variable":["Succeeded"]},"type":"Scope"}},"outputs":{}}},"schemaVersion":"1.0.0.0"}