{"schemaVersion":"1.0","appDefinitionTemplate":{"id":"/providers/Microsoft.PowerApps/apps/","type":"Microsoft.PowerApps/apps","tags":{"minimumRequiredApiVersion":"2.2.0"},"properties":{"appVersion":"2019-12-04T10:15:24Z","lifeCycleId":"Published","createdByClientVersion":{"major":3,"minor":19112,"build":26,"revision":0,"majorRevision":0,"minorRevision":0},"minClientVersion":{"major":3,"minor":19112,"build":26,"revision":0,"majorRevision":0,"minorRevision":0},"backgroundColor":"rgba(81, 92, 107, 1)","backgroundImageUri":"/5868946134093969489/Na9c5882c-c3d7-4ff8-a489-1f8da6af95bb-logoSmallFile","displayName":"アプリ所有者の割り当て","description":"As a Global Admin, Environment Admin or Business Application Admin this app can be used to re-assign app owner roles or add new users to an app.","commitMessage":"","appUris":{"documentUri":{"value":"/5868946134093969489/N7c5583af-1e79-4671-a3a4-dc70faa73d37-document.msapp","readonlyValue":"/5868946134093969489/N7c5583af-1e79-4671-a3a4-dc70faa73d37-document.msapp"},"imageUris":[]},"createdTime":"0001-01-01T00:00:00Z","lastModifiedTime":"0001-01-01T00:00:00Z","sharedGroupsCount":0,"sharedUsersCount":0,"icons":{"smallIconUri":"/5868946134093969489/N73a3760c-2720-44c1-a526-d0d83b1ca940-small.png","mediumIconUri":"/5868946134093969489/Nf16b1aa9-5086-4783-ba28-b0a4550d4b46-medium.png","largeIconUri":"/5868946134093969489/N1c5e0df3-5e7b-42e2-8017-98271e8e8bc6-large.png","wideIconUri":"/5868946134093969489/N8a0078f8-9740-46ec-b9c8-cb6ccefa3be1-wide.png"},"connectionReferences":{"14cc587e-1771-4d8c-8316-a40787497f58":{"id":"5cfba7e7-8ef6-4011-a5bb-ba26b2dc9a63","displayName":"PowerApps for Admins","iconUri":"https://connectoricons-prod.azureedge.net/powerappsforadmins/icon_1.0.1257.1710.png","dataSources":["PowerAppsforAdmins"],"dependencies":[],"dependents":[],"parameterHints":{},"isOnPremiseConnection":false,"dataSets":{},"apiTier":"Standard","isCustomApiConnection":false},"d245f5da-a9ca-4ff0-860e-ec4b89192c92":{"id":"7aad3346-dfc9-44f7-9ece-f68af835bac4","displayName":"PowerPlatform for Admins","iconUri":"https://connectoricons-prod.azureedge.net/powerplatformforadmins/icon_1.0.1284.1763.png","dataSources":["PowerplatformforAdmins"],"dependencies":[],"dependents":[],"parameterHints":{},"isOnPremiseConnection":false,"dataSets":{},"apiTier":"Standard","isCustomApiConnection":false},"fb01b0e4-4761-4a3c-8d61-a80af86f777a":{"id":"dcb3ab75-69d8-4f33-a0de-2fa5156ff1ee","displayName":"Office 365 ユーザー","iconUri":"https://connectoricons-prod.azureedge.net/office365users/icon_1.0.1258.1715.png","dataSources":["Office365Users"],"dependencies":[],"dependents":[],"parameterHints":{},"isOnPremiseConnection":false,"dataSets":{},"apiTier":"Standard","isCustomApiConnection":false},"65cd14aa-88aa-4b2b-93cc-9b78ecbbdd18":{"id":"7c2f0275-cfd6-46f6-99d9-6e4e340589b0","displayName":"Office 365 Outlook","iconUri":"https://connectoricons-prod.azureedge.net/office365/icon_1.0.1280.1753.png","dataSources":["Office365"],"dependencies":[],"dependents":[],"parameterHints":{},"isOnPremiseConnection":false,"dataSets":{},"apiTier":"Standard","isCustomApiConnection":false}},"databaseReferences":{"default.cds":{"databaseDetails":{"referenceType":"NotSpecified","environmentName":"default.cds"},"dataSources":{"COE設定":{"entitySetName":"admin_coesettingses","logicalName":"admin_coesettings"}}}},"almMode":"Solution","performanceOptimizationEnabled":false,"canConsumeAppPass":true},"isAppComponentLibrary":false,"appComponents":[]}}