{"schemaVersion":"1.0","appDefinitionTemplate":{"id":"/providers/Microsoft.PowerApps/apps/","type":"Microsoft.PowerApps/apps","tags":{"minimumRequiredApiVersion":"2.2.0"},"properties":{"appVersion":"2020-01-31T06:56:40Z","lifeCycleId":"Published","createdByClientVersion":{"major":3,"minor":20013,"build":29,"revision":0,"majorRevision":0,"minorRevision":0},"minClientVersion":{"major":3,"minor":20013,"build":29,"revision":0,"majorRevision":0,"minorRevision":0},"backgroundColor":"rgba(165, 34, 55, 1)","backgroundImageUri":"/2019915659879613299/N1ee6ba3a-2649-41f3-aa61-f9f06449c182-logoSmallFile","displayName":"Language Master","description":"","commitMessage":"","appUris":{"documentUri":{"value":"/2019915659879613299/Nd517066e-e5a1-427a-b669-0031dc3a0e97-document.msapp","readonlyValue":"/2019915659879613299/Nd517066e-e5a1-427a-b669-0031dc3a0e97-document.msapp"},"imageUris":[]},"createdTime":"0001-01-01T00:00:00Z","lastModifiedTime":"0001-01-01T00:00:00Z","sharedGroupsCount":0,"sharedUsersCount":0,"icons":{"smallIconUri":"/2019915659879613299/N9f1a9e17-4a85-4880-a73f-3d42736ff829-small.png","mediumIconUri":"/2019915659879613299/N5a64af88-ffde-4ad0-b774-8390dbb06ae8-medium.png","largeIconUri":"/2019915659879613299/Nf527c2f0-e6d0-491a-99fd-2742388f4414-large.png","wideIconUri":"/2019915659879613299/N890bd59e-e937-4874-bc2e-72b1a946108f-wide.png"},"connectionReferences":{"01a9712c-4b84-41ff-ace9-8594d724a2d0":{"id":"7ff18ed7-c5f7-4565-bef5-0bab77b63ad2","displayName":"Microsoft Translator","iconUri":"https://connectoricons-prod.azureedge.net/microsofttranslator/icon_1.0.1303.1871.png","dataSources":["MicrosoftTranslator"],"dependencies":[],"dependents":[],"parameterHints":{},"isOnPremiseConnection":false,"sharedConnectionId":"766ffdab-d673-41c0-be95-3be499c9d9f7","bypassConsent":false,"dataSets":{},"apiTier":"Standard","isCustomApiConnection":false}},"databaseReferences":{},"almMode":"Environment","performanceOptimizationEnabled":false,"canConsumeAppPass":true},"isAppComponentLibrary":false,"appComponents":[]}}