{"name":"2412d232-4f52-42c7-aa6a-8334a1766912","id":"/providers/Microsoft.Flow/flows/2412d232-4f52-42c7-aa6a-8334a1766912","type":"Microsoft.Flow/flows","properties":{"apiId":"/providers/Microsoft.PowerApps/apis/shared_logicflows","displayName":"管理者用 | 更新テンプレート v2 (アプリ)","definition":{"$schema":"https://schema.management.azure.com/providers/Microsoft.Logic/schemas/2016-06-01/workflowdefinition.json#","contentVersion":"1.0.0.0","parameters":{"$connections":{"defaultValue":{},"type":"Object"},"$authentication":{"defaultValue":{},"type":"SecureObject"}},"triggers":{"When_a_record_is_updated":{"metadata":{"flowSystemMetadata":{"swaggerOperationId":"SubscribeOnUpdatedItems"}},"type":"ApiConnectionWebhook","inputs":{"host":{"connection":{"name":"@parameters('$connections')['shared_commondataservice_1']['connectionId']"}},"body":{"NotificationUrl":"@{listCallbackUrl()}"},"path":"/datasets/@{encodeURIComponent(encodeURIComponent('default.cds'))}/tables/@{encodeURIComponent(encodeURIComponent('admin_environments'))}/onupdateditemswebhook","queries":{"scope":"Organization"},"authentication":"@parameters('$authentication')"}}},"actions":{"Initialize_today_variable":{"runAfter":{},"type":"InitializeVariable","inputs":{"variables":[{"name":"today","type":"String","value":"@{utcNow()}"}]},"description":"Used to identify the 'Record Modified' field on all resource entities"},"Initialize_Flow_Environment_variable":{"runAfter":{"Initialize_today_variable":["Succeeded"]},"type":"InitializeVariable","inputs":{"variables":[{"name":"flowEnvironment","type":"String","value":"https://us.flow.microsoft.com/manage/environments/"}]},"description":"Environment location specific Flow URL - remember / at the end"},"Check_if_Environment_is_deleted":{"actions":{"Try":{"actions":{"List_Connectors":{"runAfter":{},"metadata":{"flowSystemMetadata":{"swaggerOperationId":"GetItems_V2"}},"type":"ApiConnection","inputs":{"host":{"connection":{"name":"@parameters('$connections')['shared_commondataservice_1']['connectionId']"}},"method":"get","path":"/v2/datasets/@{encodeURIComponent(encodeURIComponent('default.cds'))}/tables/@{encodeURIComponent(encodeURIComponent('admin_connectors'))}/items","authentication":"@parameters('$authentication')"},"runtimeConfiguration":{"paginationPolicy":{"minimumItemCount":1000}}},"Get_Apps_as_Admin":{"runAfter":{"List_Connectors":["Succeeded"]},"metadata":{"flowSystemMetadata":{"swaggerOperationId":"Get-AdminApps"}},"type":"ApiConnection","inputs":{"host":{"connection":{"name":"@parameters('$connections')['shared_powerappsforadmins_1']['connectionId']"}},"method":"get","path":"/providers/Microsoft.PowerApps/scopes/admin/environments/@{encodeURIComponent(triggerBody()?['admin_environmentname'])}/apps","queries":{"api-version":"2018-10-01","$top":1000},"authentication":"@parameters('$authentication')"},"runtimeConfiguration":{"paginationPolicy":{"minimumItemCount":10000}}},"Apply_to_each_App":{"foreach":"@body('Get_Apps_as_Admin')?['value']","actions":{"List_App_Connection_References":{"runAfter":{"Upsert_App_record":["Succeeded"]},"metadata":{"flowSystemMetadata":{"swaggerOperationId":"GetItems_V2"}},"type":"ApiConnection","inputs":{"host":{"connection":{"name":"@parameters('$connections')['shared_commondataservice_1']['connectionId']"}},"method":"get","path":"/v2/datasets/@{encodeURIComponent(encodeURIComponent('default.cds'))}/tables/@{encodeURIComponent(encodeURIComponent('admin_connectionreferences'))}/items","queries":{"$filter":"admin_App/admin_appid eq @{items('Apply_to_each_App')?['name']}"},"authentication":"@parameters('$authentication')"}},"Apply_to_each_existing_connection":{"foreach":"@body('List_App_Connection_References')?['value']","actions":{"Delete_Connection":{"runAfter":{},"metadata":{"flowSystemMetadata":{"swaggerOperationId":"DeleteItem"}},"type":"ApiConnection","inputs":{"host":{"connection":{"name":"@parameters('$connections')['shared_commondataservice_1']['connectionId']"}},"method":"delete","path":"/datasets/@{encodeURIComponent(encodeURIComponent('default.cds'))}/tables/@{encodeURIComponent(encodeURIComponent('admin_connectionreferences'))}/items/@{encodeURIComponent(encodeURIComponent(items('Apply_to_each_existing_connection')?['admin_connectionreferenceid']))}","authentication":"@parameters('$authentication')"}}},"runAfter":{"List_App_Connection_References":["Succeeded"]},"type":"Foreach","runtimeConfiguration":{"concurrency":{"repetitions":50}}},"Check_if_Connection_References_are_not_null":{"actions":{"Apply_to_each_Connection_Reference":{"foreach":"@items('Apply_to_each_App')?['properties']?['connectionReferences']","actions":{"Create_a_new_App_Connection":{"runAfter":{"Filter_current_app_Connector":["Succeeded"]},"metadata":{"flowSystemMetadata":{"swaggerOperationId":"PostItem_V2"}},"type":"ApiConnection","inputs":{"host":{"connection":{"name":"@parameters('$connections')['shared_commondataservice_1']['connectionId']"}},"method":"post","body":{"admin_displayname":"@items('Apply_to_each_Connection_Reference')?['displayName']","_admin_app_value":"@items('Apply_to_each_App')?['name']","_admin_connector_value":"@{first(body('Filter_current_app_Connector'))?['admin_connectorid']}","_ownerid_type":""},"path":"/v2/datasets/@{encodeURIComponent(encodeURIComponent('default.cds'))}/tables/@{encodeURIComponent(encodeURIComponent('admin_connectionreferences'))}/items","authentication":"@parameters('$authentication')"}},"Filter_current_app_Connector":{"runAfter":{},"type":"Query","inputs":{"from":"@body('List_Connectors')?['value']","where":"@equals(item()?['admin_displayname'], items('Apply_to_each_Connection_Reference')?['displayName'])"}}},"runAfter":{},"type":"Foreach","runtimeConfiguration":{"concurrency":{"repetitions":50}}}},"runAfter":{"Apply_to_each_existing_connection":["Succeeded","Failed"]},"expression":{"not":{"equals":["@items('Apply_to_each_App')?['properties']?['connectionReferences']","@null"]}},"type":"If"},"Get_PowerApp_Maker_profile":{"runAfter":{},"metadata":{"flowSystemMetadata":{"swaggerOperationId":"UserProfile_V2"}},"type":"ApiConnection","inputs":{"host":{"connection":{"name":"@parameters('$connections')['shared_office365users_2']['connectionId']"}},"method":"get","path":"/codeless/v1.0/users/@{encodeURIComponent(items('Apply_to_each_App')?['properties']?['owner']?['id'])}","authentication":"@parameters('$authentication')"}},"Upsert_App_Maker_record":{"runAfter":{"Get_PowerApp_Maker_profile":["Succeeded"]},"metadata":{"flowSystemMetadata":{"swaggerOperationId":"PatchItem_V2"}},"type":"ApiConnection","inputs":{"host":{"connection":{"name":"@parameters('$connections')['shared_commondataservice_1']['connectionId']"}},"method":"patch","body":{"admin_displayname":"@items('Apply_to_each_App')?['properties']?['owner']?['displayName']","admin_country":"@body('Get_PowerApp_Maker_profile')?['country']","admin_city":"@body('Get_PowerApp_Maker_profile')?['city']","admin_jobtitle":"@body('Get_PowerApp_Maker_profile')?['jobTitle']","admin_department":"@body('Get_PowerApp_Maker_profile')?['department']"},"path":"/v2/datasets/@{encodeURIComponent(encodeURIComponent('default.cds'))}/tables/@{encodeURIComponent(encodeURIComponent('admin_makers'))}/items/@{encodeURIComponent(encodeURIComponent(items('Apply_to_each_App')?['properties']?['owner']?['id']))}","authentication":"@parameters('$authentication')"}},"Upsert_App_record_(abandoned_app)":{"runAfter":{"Get_PowerApp_Maker_profile":["Failed"]},"metadata":{"flowSystemMetadata":{"swaggerOperationId":"PatchItem_V2"}},"type":"ApiConnection","inputs":{"host":{"connection":{"name":"@parameters('$connections')['shared_commondataservice_1']['connectionId']"}},"method":"patch","body":{"admin_appsharedusers":"@items('Apply_to_each_App')?['properties']?['sharedUsersCount']","admin_appsharedgroups":"@items('Apply_to_each_App')?['properties']?['sharedGroupsCount']","admin_displayname":"@items('Apply_to_each_App')?['properties']?['displayName']","admin_iconbackgroundcolor":"@items('Apply_to_each_App')?['properties']?['backgroundColor']","admin_appiconuri":"@items('Apply_to_each_App')?['properties']?['backgroundImageUri']","admin_appownerdisplayname":"Unknown","admin_powerappstype":597910000,"admin_apppublished":"@{items('Apply_to_each_App')?['properties']?['lastPublishTime']}","admin_appdescription":"@items('Apply_to_each_App')?['properties']?['description']","_admin_appenvironment_value":"@triggerBody()?['admin_environmentid']","_ownerid_type":""},"path":"/v2/datasets/@{encodeURIComponent(encodeURIComponent('default.cds'))}/tables/@{encodeURIComponent(encodeURIComponent('admin_apps'))}/items/@{encodeURIComponent(encodeURIComponent(items('Apply_to_each_App')?['name']))}","authentication":"@parameters('$authentication')"}},"Upsert_App_record":{"runAfter":{"Upsert_App_Maker_record":["Succeeded"]},"metadata":{"flowSystemMetadata":{"swaggerOperationId":"PatchItem_V2"}},"type":"ApiConnection","inputs":{"host":{"connection":{"name":"@parameters('$connections')['shared_commondataservice_1']['connectionId']"}},"method":"patch","body":{"admin_appsharedusers":"@items('Apply_to_each_App')?['properties']?['sharedUsersCount']","admin_appsharedgroups":"@items('Apply_to_each_App')?['properties']?['sharedGroupsCount']","admin_displayname":"@items('Apply_to_each_App')?['properties']?['displayName']","_admin_appowner_value":"@body('Upsert_App_Maker_record')?['admin_makerid']","admin_iconbackgroundcolor":"@items('Apply_to_each_App')?['properties']?['backgroundColor']","admin_appiconuri":"@items('Apply_to_each_App')?['properties']?['backgroundImageUri']","admin_appownerdisplayname":"@items('Apply_to_each_App')?['properties']?['owner']?['displayName']","admin_department":"@body('Get_PowerApp_Maker_profile')?['department']","admin_powerappstype":597910000,"admin_apppublished":"@{items('Apply_to_each_App')?['properties']?['lastPublishTime']}","admin_appdescription":"@items('Apply_to_each_App')?['properties']?['description']","_admin_appenvironment_value":"@triggerBody()?['admin_environmentid']"},"path":"/v2/datasets/@{encodeURIComponent(encodeURIComponent('default.cds'))}/tables/@{encodeURIComponent(encodeURIComponent('admin_apps'))}/items/@{encodeURIComponent(encodeURIComponent(items('Apply_to_each_App')?['name']))}","authentication":"@parameters('$authentication')"}}},"runAfter":{"Get_Apps_as_Admin":["Succeeded"]},"type":"Foreach","runtimeConfiguration":{"concurrency":{"repetitions":50}}},"List_existing_Apps":{"runAfter":{"Apply_to_each_App":["Succeeded"]},"metadata":{"flowSystemMetadata":{"swaggerOperationId":"GetItems_V2"}},"type":"ApiConnection","inputs":{"host":{"connection":{"name":"@parameters('$connections')['shared_commondataservice_1']['connectionId']"}},"method":"get","path":"/v2/datasets/@{encodeURIComponent(encodeURIComponent('default.cds'))}/tables/@{encodeURIComponent(encodeURIComponent('admin_apps'))}/items","authentication":"@parameters('$authentication')"}},"Apply_to_each_existing_App_to_find_deleted_apps":{"foreach":"@body('Filter_existing_Apps_by_Environment')","actions":{"Check_if_current_App_list_contains_App_ID":{"actions":{"Mark_App_as_deleted":{"runAfter":{},"metadata":{"flowSystemMetadata":{"swaggerOperationId":"PatchItem_V2"}},"type":"ApiConnection","inputs":{"host":{"connection":{"name":"@parameters('$connections')['shared_commondataservice_1']['connectionId']"}},"method":"patch","body":{"admin_displayname":"@body('Parse_JSON')?['admin_displayname']","admin_appdeletedon":"@variables('today')","admin_appdeleted":true,"_ownerid_type":""},"path":"/v2/datasets/@{encodeURIComponent(encodeURIComponent('default.cds'))}/tables/@{encodeURIComponent(encodeURIComponent('admin_apps'))}/items/@{encodeURIComponent(encodeURIComponent(body('Parse_JSON')['ItemInternalId']))}","authentication":"@parameters('$authentication')"}}},"runAfter":{"Filter_Apps":["Succeeded"]},"expression":{"equals":["@length(body('Filter_Apps'))",0]},"type":"If"},"Filter_Apps":{"runAfter":{"Parse_JSON":["Succeeded"]},"type":"Query","inputs":{"from":"@body('Get_Apps_as_Admin')?['value']","where":"@equals(string(item()?['name']), string(body('Parse_JSON')['ItemInternalId']))"}},"Parse_JSON":{"runAfter":{},"type":"ParseJson","inputs":{"content":"@items('Apply_to_each_existing_App_to_find_deleted_apps')","schema":{"type":"object","properties":{"ItemInternalId":{"type":"string"},"admin_displayname":{"type":"string"}},"required":["ItemInternalId"]}}}},"runAfter":{"Filter_existing_Apps_by_Environment":["Succeeded"]},"type":"Foreach"},"Filter_existing_Apps_by_Environment":{"runAfter":{"List_existing_Apps":["Succeeded"]},"type":"Query","inputs":{"from":"@body('List_existing_Apps')?['value']","where":"@equals(item()?['_admin_appenvironment_value'], triggerBody()?['admin_environmentid'])"}}},"runAfter":{},"type":"Scope"}},"runAfter":{"Initialize_Flow_Environment_variable":["Succeeded"]},"expression":{"not":{"equals":["@triggerBody()?['admin_environmentdeleted']","@true"]}},"type":"If"},"Catch":{"actions":{"Send_an_email_(V2)":{"runAfter":{"Get_my_profile_(V2)":["Succeeded"]},"metadata":{"flowSystemMetadata":{"swaggerOperationId":"SendEmailV2"}},"type":"ApiConnection","inputs":{"host":{"connection":{"name":"@parameters('$connections')['shared_office365_1']['connectionId']"}},"method":"post","body":{"To":"@{body('Get_my_profile_(V2)')?['mail']};","Subject":"実行エラー：管理者用 | 更新テンプレート v2（アプリ）の実行が失敗しました","Body":"<p>フローが失敗しました。You flow has failed. You can find the run failure details by clicking on the url below.<br>\n@{concat(variables('flowEnvironment'), workflow()?['tags']['environmentName'],\r\n'/flows/',\r\nworkflow()?['name'],\r\n'/runs/',\r\nworkflow()?['run']['name'])}</p>"},"path":"/v2/Mail","authentication":"@parameters('$authentication')"}},"Get_my_profile_(V2)":{"runAfter":{},"metadata":{"flowSystemMetadata":{"swaggerOperationId":"MyProfile_V2"}},"type":"ApiConnection","inputs":{"host":{"connection":{"name":"@parameters('$connections')['shared_office365users_2']['connectionId']"}},"method":"get","path":"/codeless/v1.0/me","authentication":"@parameters('$authentication')"}}},"runAfter":{"Check_if_Environment_is_deleted":["Failed"]},"type":"Scope"},"Finally":{"actions":{},"runAfter":{"Catch":["Succeeded","Failed","Skipped","TimedOut"]},"type":"Scope","description":"Runs always (if success, if failed) - not currently in use"}},"outputs":{}},"connectionReferences":{"shared_commondataservice_1":{"connectionName":"shared-commondataser-1948e50e-c1a4-42db-ac59-3023f5a603ac","source":"Embedded","id":"/providers/Microsoft.PowerApps/apis/shared_commondataservice","tier":"NotSpecified"},"shared_powerappsforadmins_1":{"connectionName":"shared-powerappsfora-58b3e83d-f476-4b47-a1b3-d2df7b5aa796","source":"Embedded","id":"/providers/Microsoft.PowerApps/apis/shared_powerappsforadmins","tier":"NotSpecified"},"shared_office365users_2":{"connectionName":"shared-office365user-8152f46f-9bc8-4702-8261-fa67670747b4","source":"Embedded","id":"/providers/Microsoft.PowerApps/apis/shared_office365users","tier":"NotSpecified"},"shared_office365_1":{"connectionName":"shared-office365-35675877-4877-414e-ac9f-eded50262799","source":"Embedded","id":"/providers/Microsoft.PowerApps/apis/shared_office365","tier":"NotSpecified"}},"flowFailureAlertSubscribed":false}}