{"name":"0871a2ed-bb05-4f37-a987-63dfcdd26be3","id":"/providers/Microsoft.Flow/flows/0871a2ed-bb05-4f37-a987-63dfcdd26be3","type":"Microsoft.Flow/flows","properties":{"apiId":"/providers/Microsoft.PowerApps/apis/shared_logicflows","displayName":"管理者用 | コンプライアンス詳細依頼","definition":{"$schema":"https://schema.management.azure.com/providers/Microsoft.Logic/schemas/2016-06-01/workflowdefinition.json#","contentVersion":"1.0.0.0","parameters":{"$connections":{"defaultValue":{},"type":"Object"},"$authentication":{"defaultValue":{},"type":"SecureObject"}},"triggers":{"Recurrence":{"recurrence":{"frequency":"Week","interval":1,"schedule":{"weekDays":["Monday"]}},"type":"Recurrence"}},"actions":{"List_Apps":{"runAfter":{"Initialize_htmlHeader_(style)":["Succeeded"]},"metadata":{"flowSystemMetadata":{"swaggerOperationId":"GetItems_V2"}},"type":"ApiConnection","inputs":{"host":{"connection":{"name":"@parameters('$connections')['shared_commondataservice_1']['connectionId']"}},"method":"get","path":"/v2/datasets/@{encodeURIComponent(encodeURIComponent('default.cds'))}/tables/@{encodeURIComponent(encodeURIComponent('admin_apps'))}/items","queries":{"$filter":"_admin_appowner_value ne null and admin_appownerdisplayname ne 'SYSTEM'"},"authentication":"@parameters('$authentication')"}},"Apply_to_each_App":{"foreach":"@body('List_Apps')?['value']","actions":{"Maker_has_submitted_business_requirements":{"actions":{"App_missing_mitigation_plan":{"actions":{"Send_an_email_(V2)_3":{"runAfter":{},"metadata":{"flowSystemMetadata":{"swaggerOperationId":"SendEmailV2"}},"type":"ApiConnection","inputs":{"host":{"connection":{"name":"@parameters('$connections')['shared_office365_1']['connectionId']"}},"method":"post","body":{"To":"@{body('Get_user_profile_(V2)')?['mail']};","Subject":"コンプライアンス違反にならないように解決案が必要です","Body":"@{variables('htmlHeader')}\n<body>\n<div id='content'>\n<table id='form'>\n<tr><td><img id='logo' src='@{variables('logoUrl')}'></td></tr>\n<tr><td><p id='header'>PowerApps</p></td></tr>\n<tr id='ribbon'><td>\n<table id='ribbonContent'><tr><td>コンプライアンス違反にならないよう、アプリを更新してください</td>\n<td><img src='https://az158878.vo.msecnd.net/marketing/Partner_21474836617/Product_42949681655/Asset_5497565b-7b50-4cea-98a0-3814524d4228/Windows300x300.png' height=60></td>\n</tr></table></td></tr>\n<tr id='message'><td>\n<p>最近アップデートをしていない、または、説明を含んでいないアプリの所有者です。正常にアプリが今後も動作するように、アプリを更新してください。開発者コンプライアンスセンターアプリからこれらの要件について確認することができます。<br>\n<br>\n<b>アプリの詳細</b><br>\n<table id='app'>\n<tr><td class='label'アプリ名</td><td>@{items('Apply_to_each_App')?['admin_displayname']}</td></tr>\n<tr><td class='label'>環境</td><td>@{items('Apply_to_each_App')?['admin_appenvironmentdisplayname']}</td></tr>\n</table>\n<br><br>\n<b>Instructions</b><br>\n<ol>\n<li><a href='@{variables('compliancePortalUrl')}?appName=@{items('Apply_to_each_App')?['admin_appid']}'>開発者コンプライアンスセンター</a>へログインし、アプリを特定してください</li>\n<li>解決計画を添付してください。</li>\n<li>「解決案提示済み」を「はい」に設定してください</li>\n</ol></p></td></tr>\n<tr id='footer'><td>ご質問は、こちらのコミュニティ<a href='@{variables('communityUrl')}'>Yammer グループ</a>まで！</td></tr>\n</table>\n</div>\n</body>"},"path":"/v2/Mail","authentication":"@parameters('$authentication')"}}},"runAfter":{},"else":{"actions":{"App_is_recently_published_and_has_description":{"actions":{"Compose":{"runAfter":{},"type":"Compose","inputs":{"published":"@{items('Apply_to_each_App')?['admin_apppublished']}","expiration":"@{addDays(items('Apply_to_each_App')?['admin_apppublished'],60)}","hasExpired":"@lessOrEquals(addDays(items('Apply_to_each_App')?['admin_apppublished'],60), utcNow())"}}},"runAfter":{},"else":{"actions":{"Send_an_email_(V2)_2":{"runAfter":{},"metadata":{"flowSystemMetadata":{"swaggerOperationId":"SendEmailV2"}},"type":"ApiConnection","inputs":{"host":{"connection":{"name":"@parameters('$connections')['shared_office365_1']['connectionId']"}},"method":"post","body":{"To":"@{body('Get_user_profile_(V2)')?['mail']};","Subject":"コンプライアンス違反にならないよう、アプリを更新してください","Body":"@{variables('htmlHeader')}\n<body>\n<div id='content'>\n<table id='form'>\n<tr><td><img id='logo' src='@{variables('logoUrl')}'></td></tr>\n<tr><td><p id='header'>PowerApps</p></td></tr>\n<tr id='ribbon'><td>\n<table id='ribbonContent'><tr><td>コンプライアンス違反にならないよう、アプリを更新してください</td>\n<td><img src='https://az158878.vo.msecnd.net/marketing/Partner_21474836617/Product_42949681655/Asset_5497565b-7b50-4cea-98a0-3814524d4228/Windows300x300.png' height=60></td>\n</tr></table></td></tr>\n<tr id='message'><td>\n<p>最近アップデートをしていない、または、説明を含んでいないアプリの所有者です。正常にアプリが今後も動作するように、アプリを更新してください。開発者コンプライアンスセンターアプリからこれらの要件について確認することができます。<br>\n<br>\n<b>アプリ詳細情報</b><br>\n<table id='app'>\n<tr><td class='label'>アプリ名</td><td>@{items('Apply_to_each_App')?['admin_displayname']}</td></tr>\n<tr><td class='label'>環境</td><td>@{items('Apply_to_each_App')?['admin_appenvironmentdisplayname']}</td></tr>\n</table>\n<br><br>\n<b>手順</b><br>\n<ol>\n<li><a href='@{variables('compliancePortalUrl')}?appName=@{items('Apply_to_each_App')?['admin_appid']}'>開発者コンプライアンスセンター</a> へログインし、</li>\n<li>アプリ設定ページで説明をアップデートしてください（アプリにリンクが記載されています）</li>\n<li>Power Appsスタジオでアプリを開き、最新のPower Appsで動作することを確認してください。エラーが表示されなければ、アプリを修正し、保存、再度発行し直してください。</li>\n</ol></p></td></tr>\n<tr id='footer'><td>ご質問はこちらの<a href='@{variables('communityUrl')}'>Yammer グループ</a>まで！</td></tr>\n</table>\n</div>\n</body>"},"path":"/v2/Mail","authentication":"@parameters('$authentication')"}}}},"expression":{"and":[{"greater":["@addDays(items('Apply_to_each_App')?['admin_apppublished'],60)","@utcNow()"]},{"not":{"equals":["@items('Apply_to_each_App')?['admin_appdescription']","@null"]}}]},"type":"If","description":"Expiration date has not passed and description is not blank"}}},"expression":{"and":[{"equals":["@items('Apply_to_each_App')?['admin_requirement_4']","High"]},{"not":{"equals":["@items('Apply_to_each_App')?['admin_requirement_5']","@true"]}}]},"type":"If"}},"runAfter":{"Get_user_profile_(V2)":["Succeeded"]},"else":{"actions":{"Condition:_Audit_apps_that_are_broadly_shared":{"actions":{"Send_an_email_(V2)":{"runAfter":{"Create_a_new_record":["Succeeded"]},"metadata":{"flowSystemMetadata":{"swaggerOperationId":"SendEmailV2"}},"type":"ApiConnection","inputs":{"host":{"connection":{"name":"@parameters('$connections')['shared_office365_1']['connectionId']"}},"method":"post","body":{"To":"@{body('Get_user_profile_(V2)')?['mail']};","Subject":"アプリの利用用途を提出してください","Body":"@{variables('htmlHeader')}\n<body>\n<div id='content'>\n<table id='form'>\n<tr><td><img id='logo' src='@{variables('logoUrl')}'></td></tr>\n<tr><td><p id='header'>PowerApps</p></td></tr>\n<tr id='ribbon'><td>\n<table id='ribbonContent'>\n<tr><td>アプリの利用用途を提出してください</td>\n<td><img src='https://az158878.vo.msecnd.net/marketing/Partner_21474836617/Product_42949681655/Asset_5497565b-7b50-4cea-98a0-3814524d4228/Windows300x300.png' height=60></td>\n</tr></table></td></tr>\n<tr id='message'><td>\n<p>現在作成されたアプリの中で、共有されており、コンプライアンス内容が記載されていないものが含まれています。社内運用ルール上、ITによる確認が必要です。開発者コンプライアンスセンターから利用用途を記入し、どのような利用用途なのかをご記載ください。<br>\n<br>\n<b>アプリ詳細情報</b><br>\n<table id='app'>\n<tr><td class='label'>アプリ名</td><td>@{items('Apply_to_each_App')?['admin_displayname']}</td></tr>\n<tr><td class='label'>環境</td><td>@{items('Apply_to_each_App')?['admin_appenvironmentdisplayname']}</td></tr>\n</table>\n<br><br>\n<b>手順</b><br>\n<ol>\n<li><a href='@{variables('compliancePortalUrl')}?appName=@{items('Apply_to_each_App')?['admin_appid']}'>開発者コンプライアンスセンター</a>へログインし、該当するアプリを特定します.</li>\n<li>サポート詳細フォームより、利用用途を記入します。</li>\n<li>業務影響度が高い場合、さらに詳細情報が求められますので、予めご了承ください。</li>\n</ol>\n</p>\n</td></tr>\n<tr id='footer'><td>ご質問はこちらの<a href='@{variables('communityUrl')}'>Yammer グループ</a>まで！</td></tr>\n</table>\n</div>\n</body>"},"path":"/v2/Mail","authentication":"@parameters('$authentication')"}},"Create_a_new_record":{"runAfter":{},"metadata":{"flowSystemMetadata":{"swaggerOperationId":"PostItem_V2"}},"type":"ApiConnection","inputs":{"host":{"connection":{"name":"@parameters('$connections')['shared_commondataservice_1']['connectionId']"}},"method":"post","body":{"bpf_name":"Audit for @{items('Apply_to_each_App')?['admin_displayname']}","activestagestartedon":"@{utcNow()}","_bpf_admin_appid_value":"@items('Apply_to_each_App')?['admin_appid']"},"path":"/v2/datasets/@{encodeURIComponent(encodeURIComponent('default.cds'))}/tables/@{encodeURIComponent(encodeURIComponent('new_bpf_ffa183a676d64ec9aee6a558129651a2s'))}/items","authentication":"@parameters('$authentication')"}}},"runAfter":{},"expression":{"or":[{"greaterOrEquals":["@add(0,items('Apply_to_each_App')?['admin_appsharedusers'])",2]},{"greaterOrEquals":["@add(0,items('Apply_to_each_App')?['admin_appsharedgroups'])",1]}]},"type":"If"}}},"expression":{"and":[{"equals":["@items('Apply_to_each_App')?['admin_makersubmittedrequirements']","@true"]},{"not":{"equals":["@items('Apply_to_each_App')?['admin_apppublished']","@null"]}}]},"type":"If"},"Get_user_profile_(V2)":{"runAfter":{},"metadata":{"flowSystemMetadata":{"swaggerOperationId":"UserProfile_V2"}},"type":"ApiConnection","inputs":{"host":{"connection":{"name":"@parameters('$connections')['shared_office365users_1']['connectionId']"}},"method":"get","path":"/codeless/v1.0/users/@{encodeURIComponent(items('Apply_to_each_App')?['_admin_appowner_value'])}","authentication":"@parameters('$authentication')"}}},"runAfter":{"List_Apps":["Succeeded"]},"type":"Foreach","runtimeConfiguration":{"concurrency":{"repetitions":50}}},"Get_Settings":{"runAfter":{},"metadata":{"flowSystemMetadata":{"swaggerOperationId":"GetItems_V2"}},"type":"ApiConnection","inputs":{"host":{"connection":{"name":"@parameters('$connections')['shared_commondataservice_1']['connectionId']"}},"method":"get","path":"/v2/datasets/@{encodeURIComponent(encodeURIComponent('default.cds'))}/tables/@{encodeURIComponent(encodeURIComponent('admin_coesettingses'))}/items","authentication":"@parameters('$authentication')"}},"Initialize_logoUrl":{"runAfter":{"Get_Settings":["Succeeded"]},"type":"InitializeVariable","inputs":{"variables":[{"name":"logoUrl","type":"String","value":"@{first(body('Get_Settings')?['value'])?['admin_logo']}"}]}},"Initialize_communityUrl":{"runAfter":{"Initialize_logoUrl":["Succeeded"]},"type":"InitializeVariable","inputs":{"variables":[{"name":"communityUrl","type":"String","value":"@{first(body('Get_Settings')?['value'])?['admin_linktocommunitychannel']}"}]}},"Initialize_compliancePortalUrl":{"runAfter":{"Initialize_communityUrl":["Succeeded"]},"type":"InitializeVariable","inputs":{"variables":[{"name":"compliancePortalUrl","type":"String","value":"https://web.powerapps.com/apps/d0dcb9af-2f3c-4e94-908b-db3351f11719"}]}},"Initialize_htmlHeader_(style)":{"runAfter":{"Initialize_compliancePortalUrl":["Succeeded"]},"type":"InitializeVariable","inputs":{"variables":[{"name":"htmlHeader","type":"String","value":"<head>\n<style>\nbody{\nbackground-color: #efefef;\nfont-family: Segoe UI;\ntext-align:center;\n}\n#content{\nborder: 1px solid #742774;\nbackground-color:#ffffff;\nwidth: 650px;\nmargin-bottom:50px;\ndisplay:inline-block;\n}\n#logo{\nmargin-left:52px;\nmargin-top:40px;\nwidth:60px;\nheight:12px;\n}\n#header{\nfont-size:24px;\nmargin-left:50px;\nmargin-top:20px;\nmargin-bottom:20px;\n}\n#ribbon{\nbackground-color:#742774;\n}\n#ribbonContent{\nfont-size:20px;\npadding-left:30px;\npadding-top:10px;\npadding-bottom:20px;\ncolor:white;\nwidth:100%;\npadding-right:10px;\n}\n#message>td{\nfont-size:14px;\npadding-left:60px;\npadding-right:60px;\npadding-top:20px;\npadding-bottom:40px;\n}\n#footer>td{\nfont-size:12px;\nbackground-color:#cfcfcf;\nheight:40px;\npadding-top:15px;\npadding-left:40px;\npadding-bottom:20px;\n}\n#form{\nwidth:100%;\nborder-collapse:collapse;\n}\n#app{\nwidth:60%;\nfont-size:12px;\n}\n.label{\ncolor:#5f5f5f\n}\n</style>\n</head>"}]}}},"outputs":{}},"connectionReferences":{"shared_commondataservice_1":{"connectionName":"shared-commondataser-1948e50e-c1a4-42db-ac59-3023f5a603ac","source":"Embedded","id":"/providers/Microsoft.PowerApps/apis/shared_commondataservice","tier":"NotSpecified"},"shared_office365_1":{"connectionName":"shared-office365-35675877-4877-414e-ac9f-eded50262799","source":"Embedded","id":"/providers/Microsoft.PowerApps/apis/shared_office365","tier":"NotSpecified"},"shared_office365users_1":{"connectionName":"shared-office365user-8152f46f-9bc8-4702-8261-fa67670747b4","source":"Embedded","id":"/providers/Microsoft.PowerApps/apis/shared_office365users","tier":"NotSpecified"}},"flowFailureAlertSubscribed":false}}