{"properties":{"connectionReferences":{"shared_powerplatformforadmins_1":{"runtimeSource":"embedded","connection":{},"api":{"name":"shared_powerplatformforadmins"}},"shared_commondataservice_1":{"runtimeSource":"embedded","connection":{},"api":{"name":"shared_commondataservice"}},"shared_office365users_2":{"runtimeSource":"embedded","connection":{},"api":{"name":"shared_office365users"}},"shared_office365_1":{"runtimeSource":"embedded","connection":{},"api":{"name":"shared_office365"}}},"definition":{"$schema":"https://schema.management.azure.com/providers/Microsoft.Logic/schemas/2016-06-01/workflowdefinition.json#","contentVersion":"1.0.0.0","parameters":{"$connections":{"defaultValue":{},"type":"Object"},"$authentication":{"defaultValue":{},"type":"SecureObject"}},"triggers":{"When_a_record_is_updated":{"metadata":{"flowSystemMetadata":{"swaggerOperationId":"SubscribeOnUpdatedItems"}},"type":"ApiConnectionWebhook","inputs":{"host":{"connection":{"name":"@parameters('$connections')['shared_commondataservice_1']['connectionId']"}},"body":{"NotificationUrl":"@{listCallbackUrl()}"},"path":"/datasets/@{encodeURIComponent(encodeURIComponent('default.cds'))}/tables/@{encodeURIComponent(encodeURIComponent('admin_environments'))}/onupdateditemswebhook","queries":{"scope":"Organization"},"authentication":"@parameters('$authentication')"}}},"actions":{"Initialize_today_variable":{"runAfter":{},"type":"InitializeVariable","inputs":{"variables":[{"name":"today","type":"String","value":"@{utcNow()}"}]},"description":"Used to identify the 'Record Modified' field on all resource entities"},"Initialize_Flow_Environment_variable":{"runAfter":{"Initialize_today_variable":["Succeeded"]},"type":"InitializeVariable","inputs":{"variables":[{"name":"flowEnvironment","type":"String","value":"https://us.flow.microsoft.com/manage/environments"}]},"description":"Environment location specific Flow URL"},"Check_if_Environment_Deleted":{"actions":{"Try":{"actions":{"Get_Environment_as_Admin":{"runAfter":{},"metadata":{"flowSystemMetadata":{"swaggerOperationId":"GetSingleEnvironment"}},"type":"ApiConnection","inputs":{"host":{"connection":{"name":"@parameters('$connections')['shared_powerplatformforadmins_1']['connectionId']"}},"method":"get","path":"/environments/@{encodeURIComponent(triggerBody()?['admin_environmentname'])}","queries":{"api-version":"2018-10-01"},"authentication":"@parameters('$authentication')"}},"Condition:_Check_if_Environment_has_CDS_for_Apps":{"actions":{"List_Model_Driven_Apps":{"runAfter":{},"metadata":{"flowSystemMetadata":{"swaggerOperationId":"GetItems_V2"}},"type":"ApiConnection","inputs":{"host":{"connection":{"name":"@parameters('$connections')['shared_commondataservice_1']['connectionId']"}},"method":"get","path":"/v2/datasets/@{encodeURIComponent(encodeURIComponent(body('Get_Environment_as_Admin')?['properties']?['linkedEnvironmentMetadata']?['uniqueName'],'.', first(split(body('Get_Environment_as_Admin')?['properties']?['linkedEnvironmentMetadata']?['hostNameSuffix'], '.'))))}/tables/@{encodeURIComponent(encodeURIComponent('appmodules'))}/items","authentication":"@parameters('$authentication')"}},"Apply_to_each_Model_Driven_App":{"foreach":"@body('List_Model_Driven_Apps')?['value']","actions":{"Parse_Model_Driven_App_JSON":{"runAfter":{},"type":"ParseJson","inputs":{"content":"@items('Apply_to_each_Model_Driven_App')","schema":{"type":"object","properties":{"@@odata.id":{"type":"string"},"@@odata.etag":{"type":"string"},"ItemInternalId":{"type":"string"},"overwritetime":{"type":"string"},"isfeatured":{"type":"boolean"},"_organizationid_value":{"type":"string"},"_organizationid_type":{"type":"string"},"descriptor":{"type":"string"},"solutionid":{"type":"string"},"uniquename":{"type":"string"},"formfactor":{"type":"integer"},"ismanaged":{"type":"boolean"},"appmoduleidunique":{"type":"string"},"navigationtype":{"type":"integer"},"_navigationtype_label":{"type":"string"},"appmoduleid":{"type":"string"},"createdon":{"type":"string"},"componentstate":{"type":"integer"},"_componentstate_label":{"type":"string"},"modifiedon":{"type":"string"},"_modifiedby_value":{"type":"string"},"_modifiedby_type":{"type":"string"},"versionnumber":{"type":"integer"},"webresourceid":{"type":"string"},"isdefault":{"type":"boolean"},"name":{"type":"string"},"_createdby_value":{"type":"string"},"_createdby_type":{"type":"string"}}}}},"Get_MDD_App_Creator":{"runAfter":{"Parse_Model_Driven_App_JSON":["Succeeded"]},"metadata":{"flowSystemMetadata":{"swaggerOperationId":"GetItem_V2"}},"type":"ApiConnection","inputs":{"host":{"connection":{"name":"@parameters('$connections')['shared_commondataservice_1']['connectionId']"}},"method":"get","path":"/v2/datasets/@{encodeURIComponent(encodeURIComponent(body('Get_Environment_as_Admin')?['properties']?['linkedEnvironmentMetadata']?['uniqueName'],'.', first(split(body('Get_Environment_as_Admin')?['properties']?['linkedEnvironmentMetadata']?['hostNameSuffix'], '.'))))}/tables/@{encodeURIComponent(encodeURIComponent('systemusers'))}/items/@{encodeURIComponent(encodeURIComponent(body('Parse_Model_Driven_App_JSON')?['_createdby_value']))}","authentication":"@parameters('$authentication')"}},"Check_if_made_by_System":{"actions":{"Upsert_Model_Driven_App_(created_by_SYSTEM)":{"runAfter":{},"metadata":{"flowSystemMetadata":{"swaggerOperationId":"PatchItem_V2"}},"type":"ApiConnection","inputs":{"host":{"connection":{"name":"@parameters('$connections')['shared_commondataservice_1']['connectionId']"}},"method":"patch","body":{"admin_displayname":"@body('Parse_Model_Driven_App_JSON')?['name']","admin_appcreatedon":"@body('Parse_Model_Driven_App_JSON')?['createdon']","admin_appownerdisplayname":"SYSTEM","admin_powerappstype":597910001,"admin_appmodifiedon":"@body('Parse_Model_Driven_App_JSON')?['modifiedon']","admin_recordmodified":"@variables('today')","_admin_appenvironment_value":"@{outputs('Remove_any_Environment_prefix')}","_ownerid_type":""},"path":"/v2/datasets/@{encodeURIComponent(encodeURIComponent('default.cds'))}/tables/@{encodeURIComponent(encodeURIComponent('admin_apps'))}/items/@{encodeURIComponent(encodeURIComponent(body('Parse_Model_Driven_App_JSON')?['ItemInternalId']))}","authentication":"@parameters('$authentication')"}}},"runAfter":{"Get_MDD_App_Creator":["Succeeded"]},"else":{"actions":{"Get_user_profile_(V2)":{"runAfter":{},"metadata":{"flowSystemMetadata":{"swaggerOperationId":"UserProfile_V2"}},"type":"ApiConnection","inputs":{"host":{"connection":{"name":"@parameters('$connections')['shared_office365users_2']['connectionId']"}},"method":"get","path":"/codeless/v1.0/users/@{encodeURIComponent(body('Get_MDD_App_Creator')?['azureactivedirectoryobjectid'])}","authentication":"@parameters('$authentication')"}},"Upsert_Model_Driven_App":{"runAfter":{"Upsert_Model_Driven_App_Maker":["Succeeded"]},"metadata":{"flowSystemMetadata":{"swaggerOperationId":"PatchItem_V2"}},"type":"ApiConnection","inputs":{"host":{"connection":{"name":"@parameters('$connections')['shared_commondataservice_1']['connectionId']"}},"method":"patch","body":{"admin_displayname":"@body('Parse_Model_Driven_App_JSON')?['name']","_admin_appowner_value":"@body('Get_user_profile_(V2)')?['id']","admin_appcreatedon":"@body('Parse_Model_Driven_App_JSON')?['createdon']","admin_powerappstype":597910001,"admin_appmodifiedon":"@body('Parse_Model_Driven_App_JSON')?['modifiedon']","admin_recordmodified":"@variables('today')","_admin_appenvironment_value":"@{outputs('Remove_any_Environment_prefix')}","_ownerid_type":""},"path":"/v2/datasets/@{encodeURIComponent(encodeURIComponent('default.cds'))}/tables/@{encodeURIComponent(encodeURIComponent('admin_apps'))}/items/@{encodeURIComponent(encodeURIComponent(body('Parse_Model_Driven_App_JSON')?['ItemInternalId']))}","authentication":"@parameters('$authentication')"}},"Upsert_Model_Driven_App_Maker":{"runAfter":{"Get_user_profile_(V2)":["Succeeded","Failed"]},"metadata":{"flowSystemMetadata":{"swaggerOperationId":"PatchItem_V2"}},"type":"ApiConnection","inputs":{"host":{"connection":{"name":"@parameters('$connections')['shared_commondataservice_1']['connectionId']"}},"method":"patch","body":{"admin_displayname":"@body('Get_user_profile_(V2)')?['displayName']","admin_userprincipalname":"@body('Get_user_profile_(V2)')?['userPrincipalName']","admin_country":"@body('Get_user_profile_(V2)')?['country']","admin_city":"@body('Get_user_profile_(V2)')?['city']","admin_jobtitle":"@body('Get_user_profile_(V2)')?['jobTitle']","admin_department":"@body('Get_user_profile_(V2)')?['department']","_ownerid_type":""},"path":"/v2/datasets/@{encodeURIComponent(encodeURIComponent('default.cds'))}/tables/@{encodeURIComponent(encodeURIComponent('admin_makers'))}/items/@{encodeURIComponent(encodeURIComponent(body('Get_user_profile_(V2)')?['id']))}","authentication":"@parameters('$authentication')"}}}},"expression":{"equals":["@body('Get_MDD_App_Creator')?['fullname']","SYSTEM"]},"type":"If"}},"runAfter":{"List_Model_Driven_Apps":["Succeeded"]},"type":"Foreach","runtimeConfiguration":{"concurrency":{"repetitions":50}}}},"runAfter":{"Remove_any_Environment_prefix":["Succeeded"]},"expression":{"not":{"equals":["@body('Get_Environment_as_Admin')?['properties']?['linkedEnvironmentMetadata']","@null"]}},"type":"If"},"Name_Length":{"runAfter":{"Get_Environment_as_Admin":["Succeeded"]},"type":"Compose","inputs":"@sub(length(body('Get_Environment_as_Admin')?['name']), 36)","description":"Returns the index where the GUID starts"},"Remove_any_Environment_prefix":{"runAfter":{"Name_Length":["Succeeded"]},"type":"Compose","inputs":"@substring(body('Get_Environment_as_Admin')?['name'], int(outputs('Name_Length')), 36)","description":"Returns the GUID without any prefix (right 36 chars)"}},"runAfter":{},"type":"Scope"}},"runAfter":{"Initialize_Flow_Environment_variable":["Succeeded"]},"expression":{"not":{"equals":["@triggerBody()?['admin_environmentdeleted']","@true"]}},"type":"If"},"Finally":{"actions":{},"runAfter":{"Catch":["Succeeded","Failed","Skipped","TimedOut"]},"type":"Scope"},"Catch":{"actions":{"Send_an_email_(V2)":{"runAfter":{"Get_my_profile_(V2)":["Succeeded"]},"metadata":{"flowSystemMetadata":{"swaggerOperationId":"SendEmailV2"}},"type":"ApiConnection","inputs":{"host":{"connection":{"name":"@parameters('$connections')['shared_office365_1']['connectionId']"}},"method":"post","body":{"To":"@{body('Get_my_profile_(V2)')?['mail']};","Subject":"実行エラー：管理者用 | 更新テンプレート v2（モデル駆動型アプリ）の実行が失敗しました","Body":"<p>&lt;div&gt;フローの実行が失敗しました。詳細は以下のリンクからご覧ください。&lt;/div&gt;<br>\n&lt;a href=\"@{concat(variables('flowEnvironment'), workflow()?['tags']['environmentName'], '/flows/', workflow()?['name'], '/runs/', workflow()?['run']['name'])}\"&gt;実行履歴&lt;/a&gt;</p>"},"path":"/v2/Mail","authentication":"@parameters('$authentication')"}},"Get_my_profile_(V2)":{"runAfter":{},"metadata":{"flowSystemMetadata":{"swaggerOperationId":"MyProfile_V2"}},"type":"ApiConnection","inputs":{"host":{"connection":{"name":"@parameters('$connections')['shared_office365users_2']['connectionId']"}},"method":"get","path":"/codeless/v1.0/me","authentication":"@parameters('$authentication')"}}},"runAfter":{"Check_if_Environment_Deleted":["Failed"]},"type":"Scope"}},"outputs":{}}},"schemaVersion":"1.0.0.0"}