{"properties":{"connectionReferences":{"shared_powerappsforadmins_1":{"runtimeSource":"embedded","connection":{},"api":{"name":"shared_powerappsforadmins"}},"shared_commondataservice_1":{"runtimeSource":"embedded","connection":{},"api":{"name":"shared_commondataservice"}},"shared_office365users_2":{"runtimeSource":"embedded","connection":{},"api":{"name":"shared_office365users"}},"shared_office365_1":{"runtimeSource":"embedded","connection":{},"api":{"name":"shared_office365"}}},"definition":{"$schema":"https://schema.management.azure.com/providers/Microsoft.Logic/schemas/2016-06-01/workflowdefinition.json#","contentVersion":"1.0.0.0","parameters":{"$connections":{"defaultValue":{},"type":"Object"},"$authentication":{"defaultValue":{},"type":"SecureObject"}},"triggers":{"When_a_record_is_updated":{"metadata":{"flowSystemMetadata":{"swaggerOperationId":"SubscribeOnUpdatedItems"}},"type":"ApiConnectionWebhook","inputs":{"host":{"connection":{"name":"@parameters('$connections')['shared_commondataservice_1']['connectionId']"}},"body":{"NotificationUrl":"@{listCallbackUrl()}"},"path":"/datasets/@{encodeURIComponent(encodeURIComponent('default.cds'))}/tables/@{encodeURIComponent(encodeURIComponent('admin_environments'))}/onupdateditemswebhook","queries":{"scope":"Organization"},"authentication":"@parameters('$authentication')"}}},"actions":{"Initialize_today_variable":{"runAfter":{},"type":"InitializeVariable","inputs":{"variables":[{"name":"today","type":"String","value":"@{utcNow()}"}]},"description":"Used to identify the 'Record Modified' field on all resource entities"},"Initialize_Flow_Environment_variable":{"runAfter":{"Initialize_today_variable":["Succeeded"]},"type":"InitializeVariable","inputs":{"variables":[{"name":"flowEnvironment","type":"String","value":"https://us.flow.microsoft.com/manage/environments/"}]},"description":"Environment location specific Flow URL - remember / at the end"},"Check_if_Environment_is_deleted":{"actions":{"Try":{"actions":{"Get_Custom_Connectors_as_Admin":{"runAfter":{},"metadata":{"flowSystemMetadata":{"swaggerOperationId":"Get-AdminConnectors"}},"type":"ApiConnection","inputs":{"host":{"connection":{"name":"@parameters('$connections')['shared_powerappsforadmins_1']['connectionId']"}},"method":"get","path":"/providers/Microsoft.PowerApps/scopes/admin/environments/@{encodeURIComponent(triggerBody()?['admin_environmentname'])}/apis","queries":{"api-version":"2017-05-01","$top":250},"authentication":"@parameters('$authentication')"}},"Apply_to_each_Connector":{"foreach":"@body('Get_Custom_Connectors_as_Admin')?['value']","actions":{"GET_connector_swagger_JSON":{"runAfter":{},"type":"Http","inputs":{"method":"GET","uri":"@items('Apply_to_each_Connector')?['properties']?['apiDefinitions']?['modifiedSwaggerUrl']"}},"Parse_swagger_JSON":{"runAfter":{"GET_connector_swagger_JSON":["Succeeded"]},"type":"ParseJson","inputs":{"content":"@body('GET_connector_swagger_JSON')","schema":{"type":"object","properties":{"swagger":{"type":"string"},"info":{"type":"object","properties":{"version":{"type":"string"},"title":{"type":"string"},"description":{"type":"string"}}},"host":{"type":"string"},"basePath":{"type":"string"},"schemes":{"type":"array","items":{"type":"string"}},"consumes":{"type":"array"},"produces":{"type":"array","items":{"type":"string"}},"definitions":{"type":"object","properties":{}},"parameters":{"type":"object","properties":{}},"responses":{"type":"object","properties":{}},"securityDefinitions":{"type":"object","properties":{"basic_auth":{"type":"object","properties":{"type":{"type":"string"}}}}},"security":{"type":"array"},"tags":{"type":"array"}}}}},"Find_connector_record":{"runAfter":{"Parse_swagger_JSON":["Succeeded"]},"metadata":{"flowSystemMetadata":{"swaggerOperationId":"GetItems_V2"}},"type":"ApiConnection","inputs":{"host":{"connection":{"name":"@parameters('$connections')['shared_commondataservice_1']['connectionId']"}},"method":"get","path":"/v2/datasets/@{encodeURIComponent(encodeURIComponent('default.cds'))}/tables/@{encodeURIComponent(encodeURIComponent('admin_connectors'))}/items","queries":{"$filter":"admin_displayname eq '@{items('Apply_to_each_Connector')?['properties']?['displayName']}'"},"authentication":"@parameters('$authentication')"}},"Compose_connector_upsert_guid":{"runAfter":{"Find_connector_record":["Succeeded"]},"type":"Compose","inputs":"@if(empty(body('Find_connector_record')?['value']), guid(), first(body('Find_connector_record')?['value'])?['admin_connectorid'])"},"Update_Custom_Connector_record":{"runAfter":{"Upsert_Connector_Maker_record":["Succeeded"]},"metadata":{"flowSystemMetadata":{"swaggerOperationId":"PatchItem_V2"}},"type":"ApiConnection","inputs":{"host":{"connection":{"name":"@parameters('$connections')['shared_commondataservice_1']['connectionId']"}},"method":"patch","body":{"admin_displayname":"@items('Apply_to_each_Connector')?['properties']?['displayName']","admin_name":"@items('Apply_to_each_Connector')?['name']","admin_iscustomapi":true,"admin_customconnectorhost":"@body('Parse_swagger_JSON')?['host']","admin_iconuri":"@items('Apply_to_each_Connector')?['properties']?['iconUri']","admin_connectorcreateddatetime":"@items('Apply_to_each_Connector')?['properties']?['createdTime']","admin_connectorcreatordisplayname":"@items('Apply_to_each_Connector')?['properties']?['createdBy']?['displayName']","admin_connectormodified":"@items('Apply_to_each_Connector')?['properties']?['changedTime']","admin_environmentdisplayname":"@triggerBody()?['admin_displayname']","admin_backgroundcolor":"@items('Apply_to_each_Connector')?['properties']?['iconBrandColor']","_admin_maker_value":"@items('Apply_to_each_Connector')?['properties']?['createdBy']?['id']","_ownerid_type":""},"path":"/v2/datasets/@{encodeURIComponent(encodeURIComponent('default.cds'))}/tables/@{encodeURIComponent(encodeURIComponent('admin_connectors'))}/items/@{encodeURIComponent(encodeURIComponent(outputs('Compose_connector_upsert_guid')))}","authentication":"@parameters('$authentication')"}},"Get_Connector_creator's_user_profile":{"runAfter":{"Compose_connector_upsert_guid":["Succeeded"]},"metadata":{"flowSystemMetadata":{"swaggerOperationId":"UserProfile_V2"}},"type":"ApiConnection","inputs":{"host":{"connection":{"name":"@parameters('$connections')['shared_office365users_2']['connectionId']"}},"method":"get","path":"/codeless/v1.0/users/@{encodeURIComponent(items('Apply_to_each_Connector')?['properties']?['createdBy']?['id'])}","authentication":"@parameters('$authentication')"}},"Upsert_Custom_Connector_record_(abandoned)":{"runAfter":{"Get_Connector_creator's_user_profile":["Failed"]},"metadata":{"flowSystemMetadata":{"swaggerOperationId":"PatchItem_V2"}},"type":"ApiConnection","inputs":{"host":{"connection":{"name":"@parameters('$connections')['shared_commondataservice_1']['connectionId']"}},"method":"patch","body":{"admin_displayname":"@items('Apply_to_each_Connector')?['properties']?['displayName']","admin_name":"@items('Apply_to_each_Connector')?['name']","admin_iscustomapi":true,"admin_customconnectorhost":"@body('Parse_swagger_JSON')?['host']","admin_iconuri":"@items('Apply_to_each_Connector')?['properties']?['iconUri']","admin_connectorcreateddatetime":"@items('Apply_to_each_Connector')?['properties']?['createdTime']","admin_connectorcreatordisplayname":"@items('Apply_to_each_Connector')?['properties']?['createdBy']?['displayName']","admin_connectormodified":"@items('Apply_to_each_Connector')?['properties']?['changedTime']","admin_environmentdisplayname":"@triggerBody()?['admin_displayname']","admin_backgroundcolor":"@items('Apply_to_each_Connector')?['properties']?['iconBrandColor']","_ownerid_type":""},"path":"/v2/datasets/@{encodeURIComponent(encodeURIComponent('default.cds'))}/tables/@{encodeURIComponent(encodeURIComponent('admin_connectors'))}/items/@{encodeURIComponent(encodeURIComponent(outputs('Compose_connector_upsert_guid')))}","authentication":"@parameters('$authentication')"}},"Upsert_Connector_Maker_record":{"runAfter":{"Get_Connector_creator's_user_profile":["Succeeded"]},"metadata":{"flowSystemMetadata":{"swaggerOperationId":"PatchItem_V2"}},"type":"ApiConnection","inputs":{"host":{"connection":{"name":"@parameters('$connections')['shared_commondataservice_1']['connectionId']"}},"method":"patch","body":{"admin_displayname":"@body('Get_Connector_creator''s_user_profile')?['displayName']","admin_userprincipalname":"@body('Get_Connector_creator''s_user_profile')?['userPrincipalName']","admin_country":"@body('Get_Connector_creator''s_user_profile')?['country']","admin_city":"@body('Get_Connector_creator''s_user_profile')?['city']","admin_jobtitle":"@body('Get_Connector_creator''s_user_profile')?['jobTitle']","admin_department":"@body('Get_Connector_creator''s_user_profile')?['department']","_ownerid_type":""},"path":"/v2/datasets/@{encodeURIComponent(encodeURIComponent('default.cds'))}/tables/@{encodeURIComponent(encodeURIComponent('admin_makers'))}/items/@{encodeURIComponent(encodeURIComponent(items('Apply_to_each_Connector')?['properties']?['createdBy']?['id']))}","authentication":"@parameters('$authentication')"}}},"runAfter":{"Get_Custom_Connectors_as_Admin":["Succeeded"]},"type":"Foreach","runtimeConfiguration":{"concurrency":{"repetitions":50}}}},"runAfter":{},"type":"Scope"}},"runAfter":{"Initialize_Flow_Environment_variable":["Succeeded"]},"expression":{"not":{"equals":["@triggerBody()?['admin_environmentdeleted']","@true"]}},"type":"If"},"Catch":{"actions":{"Send_an_email_(V2)":{"runAfter":{"Get_my_profile_(V2)":["Succeeded"]},"metadata":{"flowSystemMetadata":{"swaggerOperationId":"SendEmailV2"}},"type":"ApiConnection","inputs":{"host":{"connection":{"name":"@parameters('$connections')['shared_office365_1']['connectionId']"}},"method":"post","body":{"To":"@{body('Get_my_profile_(V2)')?['mail']};","Subject":"実行エラー：管理者用 | 更新テンプレート v2（カスタムコネクター）の実行が失敗しました","Body":"<p>フローの実行が失敗しました。実行履歴は以下のURLからご覧ください。<br>\n<br>\n@{concat(variables('flowEnvironment'), workflow()?['tags']['environmentName'], '/flows/', workflow()?['name'], '/runs/', workflow()?['run']['name'])}</p>"},"path":"/v2/Mail","authentication":"@parameters('$authentication')"}},"Get_my_profile_(V2)":{"runAfter":{},"metadata":{"flowSystemMetadata":{"swaggerOperationId":"MyProfile_V2"}},"type":"ApiConnection","inputs":{"host":{"connection":{"name":"@parameters('$connections')['shared_office365users_2']['connectionId']"}},"method":"get","path":"/codeless/v1.0/me","authentication":"@parameters('$authentication')"}}},"runAfter":{"Check_if_Environment_is_deleted":["Failed"]},"type":"Scope"},"Finally":{"actions":{},"runAfter":{"Catch":["Succeeded","Failed","Skipped","TimedOut"]},"type":"Scope","description":"not in use - placeholder, will run if success/if failed/if timed out"}},"outputs":{}}},"schemaVersion":"1.0.0.0"}