{"schemaVersion":"1.0","appDefinitionTemplate":{"id":"/providers/Microsoft.PowerApps/apps/","type":"Microsoft.PowerApps/apps","tags":{"minimumRequiredApiVersion":"2.2.0"},"properties":{"appVersion":"2019-12-04T15:51:24Z","lifeCycleId":"Published","createdByClientVersion":{"major":3,"minor":19112,"build":26,"revision":0,"majorRevision":0,"minorRevision":0},"minClientVersion":{"major":3,"minor":19112,"build":26,"revision":0,"majorRevision":0,"minorRevision":0},"backgroundColor":"rgba(0, 176, 240, 1)","backgroundImageUri":"/7905821278143943760/Nbfd73b49-ac17-41b3-a97a-c613e939e297-logoSmallFile","displayName":"トレーニングイベント管理","description":"Create new Power Platform training events, and manage attendees","commitMessage":"","appUris":{"documentUri":{"value":"/7905821278143943760/N6c600126-406d-4e27-a2b8-96a77281205b-document.msapp","readonlyValue":"/7905821278143943760/N6c600126-406d-4e27-a2b8-96a77281205b-document.msapp"},"imageUris":[]},"createdTime":"0001-01-01T00:00:00Z","lastModifiedTime":"0001-01-01T00:00:00Z","sharedGroupsCount":0,"sharedUsersCount":0,"icons":{"smallIconUri":"/7905821278143943760/N83b24629-96bb-486d-9bb6-187f3c068989-small.png","mediumIconUri":"/7905821278143943760/Nb273016e-f682-4979-917c-e09f3520d002-medium.png","largeIconUri":"/7905821278143943760/N58b92e76-392e-4ded-9610-d2e8e97dd77a-large.png","wideIconUri":"/7905821278143943760/Nc4725296-9e04-4928-a112-f1649e17748a-wide.png"},"connectionReferences":{"2e44dbcf-945e-4d29-ad79-74cd5fab8789":{"id":"7c2f0275-cfd6-46f6-99d9-6e4e340589b0","displayName":"Office 365 Outlook","iconUri":"https://connectoricons-prod.azureedge.net/office365/icon_1.0.1280.1753.png","dataSources":["Office365"],"dependencies":[],"dependents":[],"parameterHints":{},"isOnPremiseConnection":false,"dataSets":{},"apiTier":"Standard","isCustomApiConnection":false},"2e077578-1e56-433c-a9c9-3f50c91d7415":{"id":"dcb3ab75-69d8-4f33-a0de-2fa5156ff1ee","displayName":"Office 365 ユーザー","iconUri":"https://connectoricons-prod.azureedge.net/office365users/icon_1.0.1258.1715.png","dataSources":["Office365Users"],"dependencies":[],"dependents":[],"parameterHints":{},"isOnPremiseConnection":false,"dataSets":{},"apiTier":"Standard","isCustomApiConnection":false}},"databaseReferences":{"default.cds":{"databaseDetails":{"referenceType":"NotSpecified","environmentName":"default.cds"},"dataSources":{"COE Settings":{"entitySetName":"admin_coesettingses","logicalName":"admin_coesettings"},"InADayEvents":{"entitySetName":"admin_inadayevents","logicalName":"admin_inadayevent"},"InADayAttendees":{"entitySetName":"admin_inadayattendeeses","logicalName":"admin_inadayattendees"}}}},"almMode":"Solution","performanceOptimizationEnabled":false,"canConsumeAppPass":true},"isAppComponentLibrary":false,"appComponents":[]}}