{"schemaVersion":"1.0","appDefinitionTemplate":{"id":"/providers/Microsoft.PowerApps/apps/","type":"Microsoft.PowerApps/apps","tags":{"minimumRequiredApiVersion":"2.2.0"},"properties":{"appVersion":"2019-12-04T10:21:28Z","lifeCycleId":"Published","createdByClientVersion":{"major":3,"minor":19112,"build":26,"revision":0,"majorRevision":0,"minorRevision":0},"minClientVersion":{"major":3,"minor":19112,"build":26,"revision":0,"majorRevision":0,"minorRevision":0},"backgroundColor":"rgba(0, 134, 208, 1)","backgroundImageUri":"/11109504870475354481/N7ea2c07e-0830-42c6-8e1f-5c92101a1c12-logoSmallFile","displayName":"トレーニングイベント登録","description":"Register for our hands on training events and learn more about the Power Platform","commitMessage":"","appUris":{"documentUri":{"value":"/11109504870475354481/N258323f0-d657-449f-926f-b2cf3195ef4a-document.msapp","readonlyValue":"/11109504870475354481/N258323f0-d657-449f-926f-b2cf3195ef4a-document.msapp"},"imageUris":[]},"createdTime":"0001-01-01T00:00:00Z","lastModifiedTime":"0001-01-01T00:00:00Z","sharedGroupsCount":0,"sharedUsersCount":0,"icons":{"smallIconUri":"/11109504870475354481/Na05c86ce-1f8e-4020-a416-f3acc83c84fb-small.png","mediumIconUri":"/11109504870475354481/Nb9bfe4d1-9b8b-4fde-bcf0-b336128b1f80-medium.png","largeIconUri":"/11109504870475354481/N2fa5d61f-0fbd-4164-8523-331a007d3be4-large.png","wideIconUri":"/11109504870475354481/N609eabbb-8808-475b-8109-76c10c76901c-wide.png"},"connectionReferences":{"2e44dbcf-945e-4d29-ad79-74cd5fab8789":{"id":"7c2f0275-cfd6-46f6-99d9-6e4e340589b0","displayName":"Office 365 Outlook","iconUri":"https://connectoricons-prod.azureedge.net/office365/icon_1.0.1280.1753.png","dataSources":["Office365"],"dependencies":[],"dependents":[],"parameterHints":{},"isOnPremiseConnection":false,"dataSets":{},"apiTier":"Standard","isCustomApiConnection":false},"2e077578-1e56-433c-a9c9-3f50c91d7415":{"id":"dcb3ab75-69d8-4f33-a0de-2fa5156ff1ee","displayName":"Office 365 ユーザー","iconUri":"https://connectoricons-prod.azureedge.net/office365users/icon_1.0.1258.1715.png","dataSources":["Office365Users"],"dependencies":[],"dependents":[],"parameterHints":{},"isOnPremiseConnection":false,"dataSets":{},"apiTier":"Standard","isCustomApiConnection":false}},"databaseReferences":{"default.cds":{"databaseDetails":{"referenceType":"NotSpecified","environmentName":"default.cds"},"dataSources":{"InADayEvents":{"entitySetName":"admin_inadayevents","logicalName":"admin_inadayevent"},"InADayAttendees":{"entitySetName":"admin_inadayattendeeses","logicalName":"admin_inadayattendees"},"COE設定":{"entitySetName":"admin_coesettingses","logicalName":"admin_coesettings"}}}},"almMode":"Solution","performanceOptimizationEnabled":false,"canConsumeAppPass":true},"isAppComponentLibrary":false,"appComponents":[]}}