{"name":"099d3852-915e-4aea-b3c5-c4890d966d80","id":"/providers/Microsoft.Flow/flows/099d3852-915e-4aea-b3c5-c4890d966d80","type":"Microsoft.Flow/flows","properties":{"apiId":"/providers/Microsoft.PowerApps/apis/shared_logicflows","displayName":"管理者用 | ようこそメール","definition":{"$schema":"https://schema.management.azure.com/providers/Microsoft.Logic/schemas/2016-06-01/workflowdefinition.json#","contentVersion":"1.0.0.0","parameters":{"$connections":{"defaultValue":{},"type":"Object"},"$authentication":{"defaultValue":{},"type":"SecureObject"}},"triggers":{"When_a_record_is_created":{"metadata":{"flowSystemMetadata":{"swaggerOperationId":"SubscribeOnNewItems"}},"type":"ApiConnectionWebhook","inputs":{"host":{"connection":{"name":"@parameters('$connections')['shared_commondataservice_1']['connectionId']"}},"body":{"NotificationUrl":"@{listCallbackUrl()}"},"path":"/datasets/@{encodeURIComponent(encodeURIComponent('default.cds'))}/tables/@{encodeURIComponent(encodeURIComponent('admin_makers'))}/onnewitemswebhook","queries":{"scope":"Organization"},"authentication":"@parameters('$authentication')"}}},"actions":{"Get_Settings":{"runAfter":{},"metadata":{"flowSystemMetadata":{"swaggerOperationId":"GetItems_V2"}},"type":"ApiConnection","inputs":{"host":{"connection":{"name":"@parameters('$connections')['shared_commondataservice_1']['connectionId']"}},"method":"get","path":"/v2/datasets/@{encodeURIComponent(encodeURIComponent('default.cds'))}/tables/@{encodeURIComponent(encodeURIComponent('admin_coesettingses'))}/items","authentication":"@parameters('$authentication')"}},"Initialize_logo":{"runAfter":{"Get_Settings":["Succeeded"]},"type":"InitializeVariable","inputs":{"variables":[{"name":"logo","type":"String","value":"@{first(body('Get_Settings')?['value'])?['admin_logo']}"}]}},"Initialize_communityUrl":{"runAfter":{"Initialize_logo":["Succeeded"]},"type":"InitializeVariable","inputs":{"variables":[{"name":"communityUrl","type":"String","value":"@{first(body('Get_Settings')?['value'])?['admin_linktocommunitychannel']}"}]}},"List_group_members":{"runAfter":{"Initialize_Office_365_Group_ID":["Succeeded"]},"metadata":{"flowSystemMetadata":{"swaggerOperationId":"ListGroupMembers"}},"type":"ApiConnection","inputs":{"host":{"connection":{"name":"@parameters('$connections')['shared_office365groups_1']['connectionId']"}},"method":"get","path":"/v1.0/groups/@{encodeURIComponent(variables('office365GroupID'))}/members","authentication":"@parameters('$authentication')"}},"Condition":{"actions":{},"runAfter":{"List_group_members":["Succeeded"]},"else":{"actions":{"Add_member_to_group":{"runAfter":{},"metadata":{"flowSystemMetadata":{"swaggerOperationId":"AddMemberToGroup"}},"type":"ApiConnection","inputs":{"host":{"connection":{"name":"@parameters('$connections')['shared_office365groups_1']['connectionId']"}},"method":"post","path":"/v1.0/groups/@{encodeURIComponent(variables('office365GroupID'))}/members/$ref","queries":{"userUpn":"@triggerBody()?['admin_userprincipalname']"},"authentication":"@parameters('$authentication')"}},"Send_an_email_(V2)":{"runAfter":{"Add_member_to_group":["Succeeded"]},"metadata":{"flowSystemMetadata":{"swaggerOperationId":"SendEmailV2"}},"type":"ApiConnection","inputs":{"host":{"connection":{"name":"@parameters('$connections')['shared_office365_1']['connectionId']"}},"method":"post","body":{"To":"@triggerBody()?['admin_userprincipalname']","Subject":"Power Apps と Power Automate の世界へようこそ！","Body":"<head>\n<style>\nbody{\nbackground-color: #efefef;\nfont-family: Segoe UI;\ntext-align:center;\n}\n#content{\nborder: 1px solid #742774;\nbackground-color:#ffffff;\nwidth: 650px;\nmargin-bottom:50px;\ndisplay:inline-block;\n}\n#logo{\nmargin-left:52px;\nmargin-top:40px;\nwidth:60px;\nheight:12px;\n}\n#header{\nfont-size:16px;\nmargin-left:50px;\nmargin-top:20px;\nmargin-bottom:20px;\n}\n#ribbon{\nbackground-color:#efefef;\n}\n#ribbonContent{\nfont-size:20px;\npadding-left:30px;\npadding-top:10px;\npadding-bottom:20px;\ncolor:#000000;\nwidth:100%;\npadding-right:10px;\n}\n#message>td{\nfont-size:14px;\npadding-left:60px;\npadding-right:60px;\npadding-top:20px;\npadding-bottom:40px;\n}\n#footer>td{\nfont-size:12px;\nbackground-color:#cfcfcf;\nheight:40px;\npadding-top:15px;\npadding-left:40px;\npadding-bottom:20px;\n}\n#form{\nwidth:100%;\nborder-collapse:collapse;\n}\n#app{\nwidth:100%;\nfont-size:12px;\n}\n.label{\ncolor:#5f5f5f\n}\n</style>\n</head>\n\n<body>\n<div id='content'>\n<table id='form'>\n<tr><td><img id='logo' src='@{variables('logo')}'></td></tr>\n<tr><td><p id='header'>Microsoft Power Platform</p></td></tr>\n<tr id='ribbon'><td>\n<table id='ribbonContent'><tr><td>Power Platformの世界へようこそ!</td>\n<td><img src='https://higherlogicdownload.s3.amazonaws.com/PBIUSERGROUP/0dd17701-ca4a-49ad-9e12-8a3458d663ba/UploadedImages/World_Tour/2019/PowerApps.png' height=60></td>\n<td><img src='http://powerplatformconference.com/wp-content/uploads/2019/05/FlowIcon256x256.png' height=40></td>\n</tr></table></td></tr>\n<tr id='message'><td>\n<p>Power Apps と Power Automate の世界へようこそ！<br>\n<br>\n<b>Power Automate</b>はオンラインの自動化サービスです。様々なアプリやサービスとつなげ合わせたりすることが可能です。現在、Power Automateには270種類以上ものコネクタが存在します。<br>\n<br>\n<b>Power Apps</b>は高速なアプリ作成環境として、サービスやコネクタを組み合わせて、自由にアプリが作れます。 Power Automateと同じコネクタを活用して、アプリを素早く作成できます。<br>\n<table id='app'>\n<br>Here are some resources we recommend for learning Flow:<br><br>\n<tr><th>Learn</th><th>Watch</th><th>Engage</th></tr>\n<tr><td class='label'><ul><li><a href='https://docs.microsoft.com/ja-jp/flow/'>Power Automateの公式マニュアル</a></li><li><a href='https://docs.microsoft.com/ja-jp/learn/browse/?resource_type=learning%20path&products=flow&utm_source=flow-learn-menu&utm_medium=web'>Guided Learning</a></li><li><a href='https://flow.microsoft.com/en-us/blog/microsoft-flow-learning-resources-materials/'>Flow Learning Resources blog</a></li></ul></td>\n<td class='label'><ul><li><a href='https://www.youtube.com/watch?v=uY0rjTjebZ4'>Intro to Flow video</a></li><li><a href='https://www.youtube.com/channel/UClBCcDTylJUzvP8sycg6pEA'>Product Group Videos</a></li></ul></td>\n<td class='label'><ul><li><a href='https://powerusers.microsoft.com/t5/Microsoft-Flow-Community/ct-p/FlowCommunity'>Flow Community Blog</a></li><li><a href='@{variables('communityUrl')}'>Yammer Flow Club</a></li></ul></td></tr>\n<table id='app'>\n<br>Here are some resources we recommend for learning PowerApps:<br><br>\n<table id='app'>\n<tr><th>Learn</th><th>Watch</th><th>Engage</th></tr>\n<tr><td class='label'><ul><li><a href='https://docs.microsoft.com/ja-jp/powerapps/'>Power Apps 公式マニュアル</a></li><li><a href='https://docs.microsoft.com/en-us/learn/browse/'>PowerApps Guided Learning</a></li><li><a href='https://powerapps.microsoft.com/ja-jp/blog/microsoft-powerapps-learning-resources/'>PowerApps Learning Resources Blog</a></li></ul></td>\n<td class='label'><ul><li><a href='https://powerusers.microsoft.com/t5/Video-Gallery/bd-p/VideoGallery'>PowerApps Community Video Gallery</a></li><li><a href='https://www.youtube.com/playlist?list=PL4VcpNRBcMg4CIboRveUi9Rz96V-beqsH'>Product Group Videos</a></li></ul></td>\n<td class='label'><ul><li><a href='@{variables('communityUrl')}'>Power Apps 社内コミュニティ</a></li><li><a href=''>PowerApps Yammer Club</a></li></ul></td></tr>\n</table>\n\n<tr id='footer'><td>ご質問は<a href='@{variables('communityUrl')}'>Yammer グループ</a>まで！</td></tr>\n</table>\n</div>\n</body>"},"path":"/v2/Mail","authentication":"@parameters('$authentication')"}}}},"expression":{"contains":["@string(body('List_group_members'))","@triggerBody()?['admin_userprincipalname']"]},"type":"If"},"Initialize_Office_365_Group_ID":{"runAfter":{"Initialize_communityUrl":["Succeeded"]},"type":"InitializeVariable","inputs":{"variables":[{"name":"office365GroupID","type":"String","value":"28c71109-cd4e-4d62-a302-2aaed96f75c8"}]}}},"outputs":{}},"connectionReferences":{"shared_commondataservice_1":{"connectionName":"shared-commondataser-1948e50e-c1a4-42db-ac59-3023f5a603ac","source":"Embedded","id":"/providers/Microsoft.PowerApps/apis/shared_commondataservice","tier":"NotSpecified"},"shared_office365groups_1":{"connectionName":"shared-office365grou-06b84b0d-2ff6-4944-891d-01e81689fc1f","source":"Embedded","id":"/providers/Microsoft.PowerApps/apis/shared_office365groups","tier":"NotSpecified"},"shared_office365_1":{"connectionName":"shared-office365-35675877-4877-414e-ac9f-eded50262799","source":"Embedded","id":"/providers/Microsoft.PowerApps/apis/shared_office365","tier":"NotSpecified"}},"flowFailureAlertSubscribed":false}}